wbs_id;wbs_code;parent_id;level;name_ru;phase;stage;discipline;deliverable_type;acceptance_basis;contract_level_hint;payment_milestone;cost_category_hint;notes
1;WBS-1;;1;Девелоперский проект (ЖК/МФК);Проект;;;Service;;L4;false;;Корневой элемент
1.1;WBS-1-1;1;2;Предпроектная;Предпроектная;;;Service;;L4;false;;
1.2;WBS-1-2;1;2;Проектирование;Проектирование;;;Service;;L4;false;;
1.3;WBS-1-3;1;2;Экспертиза и РНС;Экспертиза и РНС;;;Service;;L4;false;;
1.4;WBS-1-4;1;2;Тендеры и контрактация;Тендеры и контрактация;;;Service;;L4;false;;
1.5;WBS-1-5;1;2;СМР;СМР;;;Service;;L4;false;;
1.6;WBS-1-6;1;2;ПНР;ПНР;;;Service;;L4;false;;
1.7;WBS-1-7;1;2;Ввод в эксплуатацию;Ввод в эксплуатацию;;;Service;;L4;false;;
1.1.1;WBS-1-1-1;1.1;3;ИСД и ТЭП;Предпроектная;ИСД;;Doc;реестр ИРД;L4;false;Design;
1.1.1.1;WBS-1-1-1-1;1.1.1;4;Реестр исходных данных;Предпроектная;ИСД;ИСД;Doc;реестр ИРД;L4;false;Design;
1.1.1.1.1;WBS-1-1-1-1-1;1.1.1.1;5;Сбор;Предпроектная;ИСД;ИСД;Doc;реестр ИРД;L5;false;Design;
1.1.1.1.1.1;WBS-1-1-1-1-1-1;1.1.1.1.1;6;Выпуск раздела/комплекта;Предпроектная;ИСД;ИСД;Doc;реестр ИРД;L5;true;Design;
1.1.1.1.2;WBS-1-1-1-1-2;1.1.1.1;5;Согласование;Предпроектная;ИСД;ИСД;Doc;реестр ИРД;L5;false;Design;
1.1.1.1.2.1;WBS-1-1-1-1-2-1;1.1.1.1.2;6;Выпуск раздела/комплекта;Предпроектная;ИСД;ИСД;Doc;реестр ИРД;L5;true;Design;
1.1.1.2;WBS-1-1-1-2;1.1.1;4;Матрица ТУ;Предпроектная;ИСД;ИСД;Doc;реестр ИРД;L4;false;Design;
1.1.1.2.1;WBS-1-1-1-2-1;1.1.1.2;5;Сбор;Предпроектная;ИСД;ИСД;Doc;реестр ИРД;L5;false;Design;
1.1.1.2.1.1;WBS-1-1-1-2-1-1;1.1.1.2.1;6;Выпуск раздела/комплекта;Предпроектная;ИСД;ИСД;Doc;реестр ИРД;L5;true;Design;
1.1.1.2.2;WBS-1-1-1-2-2;1.1.1.2;5;Согласование;Предпроектная;ИСД;ИСД;Doc;реестр ИРД;L5;false;Design;
1.1.1.2.2.1;WBS-1-1-1-2-2-1;1.1.1.2.2;6;Выпуск раздела/комплекта;Предпроектная;ИСД;ИСД;Doc;реестр ИРД;L5;true;Design;
1.2.1;WBS-1-2-1;1.2;3;Концепция;Проектирование;Концепция;;Service;;L4;false;Design;
1.2.2;WBS-1-2-2;1.2;3;Стадия П;Проектирование;Стадия П;;Service;;L4;false;Design;
1.2.3;WBS-1-2-3;1.2;3;Стадия Р;Проектирование;Стадия Р;;Service;;L4;false;Design;
1.2.4;WBS-1-2-4;1.2;3;Авторский надзор;Проектирование;Авторский надзор;;Service;;L4;false;Design;
1.2.1.1;WBS-1-2-1-1;1.2.1;4;Архитектурная концепция;Проектирование;Концепция;АР;Doc;концептуальный альбом;L4;false;Design;
1.2.1.1.1;WBS-1-2-1-1-1;1.2.1.1;5;Посадка и ТЭП;Проектирование;Концепция;АР;Doc;концептуальный альбом;L5;false;Design;
1.2.1.1.1.1;WBS-1-2-1-1-1-1;1.2.1.1.1;6;Выпуск раздела/комплекта;Проектирование;Концепция;АР;Doc;концептуальный альбом;L5;true;Design;
1.2.1.1.1.2;WBS-1-2-1-1-1-2;1.2.1.1.1;6;Расчёты/моделирование;Проектирование;Концепция;АР;Model;концептуальный альбом;L5;true;Design;
1.2.1.1.1.3;WBS-1-2-1-1-1-3;1.2.1.1.1;6;Корректировка по замечаниям Заказчика;Проектирование;Концепция;АР;Doc;концептуальный альбом;L5;true;Design;
1.2.1.1.2;WBS-1-2-1-1-2;1.2.1.1;5;Объемно-планировочные решения;Проектирование;Концепция;АР;Doc;концептуальный альбом;L5;false;Design;
1.2.1.1.2.1;WBS-1-2-1-1-2-1;1.2.1.1.2;6;Выпуск раздела/комплекта;Проектирование;Концепция;АР;Doc;концептуальный альбом;L5;true;Design;
1.2.1.1.2.2;WBS-1-2-1-1-2-2;1.2.1.1.2;6;Расчёты/моделирование;Проектирование;Концепция;АР;Model;концептуальный альбом;L5;true;Design;
1.2.1.1.2.3;WBS-1-2-1-1-2-3;1.2.1.1.2;6;Корректировка по замечаниям Заказчика;Проектирование;Концепция;АР;Doc;концептуальный альбом;L5;true;Design;
1.2.1.2;WBS-1-2-1-2;1.2.1;4;Конструктивная концепция;Проектирование;Концепция;КР;Doc;концептуальный альбом;L4;false;Design;
1.2.1.2.1;WBS-1-2-1-2-1;1.2.1.2;5;Схема каркаса;Проектирование;Концепция;КР;Doc;концептуальный альбом;L5;false;Design;
1.2.1.2.1.1;WBS-1-2-1-2-1-1;1.2.1.2.1;6;Выпуск раздела/комплекта;Проектирование;Концепция;КР;Doc;концептуальный альбом;L5;true;Design;
1.2.1.2.1.2;WBS-1-2-1-2-1-2;1.2.1.2.1;6;Расчёты/моделирование;Проектирование;Концепция;КР;Model;концептуальный альбом;L5;true;Design;
1.2.1.2.1.3;WBS-1-2-1-2-1-3;1.2.1.2.1;6;Корректировка по замечаниям Заказчика;Проектирование;Концепция;КР;Doc;концептуальный альбом;L5;true;Design;
1.2.1.2.2;WBS-1-2-1-2-2;1.2.1.2;5;Принципиальные нагрузки;Проектирование;Концепция;КР;Doc;концептуальный альбом;L5;false;Design;
1.2.1.2.2.1;WBS-1-2-1-2-2-1;1.2.1.2.2;6;Выпуск раздела/комплекта;Проектирование;Концепция;КР;Doc;концептуальный альбом;L5;true;Design;
1.2.1.2.2.2;WBS-1-2-1-2-2-2;1.2.1.2.2;6;Расчёты/моделирование;Проектирование;Концепция;КР;Model;концептуальный альбом;L5;true;Design;
1.2.1.2.2.3;WBS-1-2-1-2-2-3;1.2.1.2.2;6;Корректировка по замечаниям Заказчика;Проектирование;Концепция;КР;Doc;концептуальный альбом;L5;true;Design;
1.2.1.3;WBS-1-2-1-3;1.2.1;4;Инженерная концепция;Проектирование;Концепция;ИОС;Doc;концептуальный альбом;L4;false;Design;
1.2.1.3.1;WBS-1-2-1-3-1;1.2.1.3;5;Предварительные нагрузки;Проектирование;Концепция;ИОС;Doc;концептуальный альбом;L5;false;Design;
1.2.1.3.1.1;WBS-1-2-1-3-1-1;1.2.1.3.1;6;Выпуск раздела/комплекта;Проектирование;Концепция;ИОС;Doc;концептуальный альбом;L5;true;Design;
1.2.1.3.1.2;WBS-1-2-1-3-1-2;1.2.1.3.1;6;Расчёты/моделирование;Проектирование;Концепция;ИОС;Model;концептуальный альбом;L5;true;Design;
1.2.1.3.1.3;WBS-1-2-1-3-1-3;1.2.1.3.1;6;Корректировка по замечаниям Заказчика;Проектирование;Концепция;ИОС;Doc;концептуальный альбом;L5;true;Design;
1.2.1.3.2;WBS-1-2-1-3-2;1.2.1.3;5;Принцип трассировок;Проектирование;Концепция;ИОС;Doc;концептуальный альбом;L5;false;Design;
1.2.1.3.2.1;WBS-1-2-1-3-2-1;1.2.1.3.2;6;Выпуск раздела/комплекта;Проектирование;Концепция;ИОС;Doc;концептуальный альбом;L5;true;Design;
1.2.1.3.2.2;WBS-1-2-1-3-2-2;1.2.1.3.2;6;Расчёты/моделирование;Проектирование;Концепция;ИОС;Model;концептуальный альбом;L5;true;Design;
1.2.1.3.2.3;WBS-1-2-1-3-2-3;1.2.1.3.2;6;Корректировка по замечаниям Заказчика;Проектирование;Концепция;ИОС;Doc;концептуальный альбом;L5;true;Design;
1.2.2.1;WBS-1-2-2-1;1.2.2;4;ПЗ Пояснительная записка;Проектирование;Стадия П;ПЗ;Doc;комплект ПД;L4;false;Design;
1.2.2.1.1;WBS-1-2-2-1-1;1.2.2.1;5;Основной комплект;Проектирование;Стадия П;ПЗ;Doc;комплект ПД;L5;false;Design;
1.2.2.1.1.1;WBS-1-2-2-1-1-1;1.2.2.1.1;6;Выпуск раздела/комплекта;Проектирование;Стадия П;ПЗ;Doc;комплект ПД;L5;true;Design;
1.2.2.1.1.2;WBS-1-2-2-1-1-2;1.2.2.1.1;6;Расчёты/моделирование;Проектирование;Стадия П;ПЗ;Model;комплект ПД;L5;true;Design;
1.2.2.1.1.3;WBS-1-2-2-1-1-3;1.2.2.1.1;6;Ответы на замечания экспертизы;Проектирование;Стадия П;ПЗ;Doc;комплект ПД;L5;true;Design;
1.2.2.1.2;WBS-1-2-2-1-2;1.2.2.1;5;Расчётные приложения;Проектирование;Стадия П;ПЗ;Doc;комплект ПД;L5;false;Design;
1.2.2.1.2.1;WBS-1-2-2-1-2-1;1.2.2.1.2;6;Выпуск раздела/комплекта;Проектирование;Стадия П;ПЗ;Doc;комплект ПД;L5;true;Design;
1.2.2.1.2.2;WBS-1-2-2-1-2-2;1.2.2.1.2;6;Расчёты/моделирование;Проектирование;Стадия П;ПЗ;Model;комплект ПД;L5;true;Design;
1.2.2.1.2.3;WBS-1-2-2-1-2-3;1.2.2.1.2;6;Ответы на замечания экспертизы;Проектирование;Стадия П;ПЗ;Doc;комплект ПД;L5;true;Design;
1.2.2.2;WBS-1-2-2-2;1.2.2;4;ПЗУ Схема планировочной организации ЗУ;Проектирование;Стадия П;ПЗУ;Doc;комплект ПД;L4;false;Design;
1.2.2.2.1;WBS-1-2-2-2-1;1.2.2.2;5;Основной комплект;Проектирование;Стадия П;ПЗУ;Doc;комплект ПД;L5;false;Design;
1.2.2.2.1.1;WBS-1-2-2-2-1-1;1.2.2.2.1;6;Выпуск раздела/комплекта;Проектирование;Стадия П;ПЗУ;Doc;комплект ПД;L5;true;Design;
1.2.2.2.1.2;WBS-1-2-2-2-1-2;1.2.2.2.1;6;Расчёты/моделирование;Проектирование;Стадия П;ПЗУ;Model;комплект ПД;L5;true;Design;
1.2.2.2.1.3;WBS-1-2-2-2-1-3;1.2.2.2.1;6;Ответы на замечания экспертизы;Проектирование;Стадия П;ПЗУ;Doc;комплект ПД;L5;true;Design;
1.2.2.2.2;WBS-1-2-2-2-2;1.2.2.2;5;Расчётные приложения;Проектирование;Стадия П;ПЗУ;Doc;комплект ПД;L5;false;Design;
1.2.2.2.2.1;WBS-1-2-2-2-2-1;1.2.2.2.2;6;Выпуск раздела/комплекта;Проектирование;Стадия П;ПЗУ;Doc;комплект ПД;L5;true;Design;
1.2.2.2.2.2;WBS-1-2-2-2-2-2;1.2.2.2.2;6;Расчёты/моделирование;Проектирование;Стадия П;ПЗУ;Model;комплект ПД;L5;true;Design;
1.2.2.2.2.3;WBS-1-2-2-2-2-3;1.2.2.2.2;6;Ответы на замечания экспертизы;Проектирование;Стадия П;ПЗУ;Doc;комплект ПД;L5;true;Design;
1.2.2.3;WBS-1-2-2-3;1.2.2;4;АР Архитектурные решения;Проектирование;Стадия П;АР;Doc;комплект ПД;L4;false;Design;
1.2.2.3.1;WBS-1-2-2-3-1;1.2.2.3;5;Планировки/МОП;Проектирование;Стадия П;АР;Doc;комплект ПД;L5;false;Design;
1.2.2.3.1.1;WBS-1-2-2-3-1-1;1.2.2.3.1;6;Выпуск раздела/комплекта;Проектирование;Стадия П;АР;Doc;комплект ПД;L5;true;Design;
1.2.2.3.1.2;WBS-1-2-2-3-1-2;1.2.2.3.1;6;Расчёты/моделирование;Проектирование;Стадия П;АР;Model;комплект ПД;L5;true;Design;
1.2.2.3.1.3;WBS-1-2-2-3-1-3;1.2.2.3.1;6;Ответы на замечания экспертизы;Проектирование;Стадия П;АР;Doc;комплект ПД;L5;true;Design;
1.2.2.3.1.4;WBS-1-2-2-3-1-4;1.2.2.3.1;6;Внутренняя междисциплинарная координация;Проектирование;Стадия П;АР;Doc;комплект ПД;L5;true;Design;
1.2.2.3.2;WBS-1-2-2-3-2;1.2.2.3;5;Фасады;Проектирование;Стадия П;АР;Doc;комплект ПД;L5;false;Design;
1.2.2.3.2.1;WBS-1-2-2-3-2-1;1.2.2.3.2;6;Выпуск раздела/комплекта;Проектирование;Стадия П;АР;Doc;комплект ПД;L5;true;Design;
1.2.2.3.2.2;WBS-1-2-2-3-2-2;1.2.2.3.2;6;Расчёты/моделирование;Проектирование;Стадия П;АР;Model;комплект ПД;L5;true;Design;
1.2.2.3.2.3;WBS-1-2-2-3-2-3;1.2.2.3.2;6;Ответы на замечания экспертизы;Проектирование;Стадия П;АР;Doc;комплект ПД;L5;true;Design;
1.2.2.3.2.4;WBS-1-2-2-3-2-4;1.2.2.3.2;6;Внутренняя междисциплинарная координация;Проектирование;Стадия П;АР;Doc;комплект ПД;L5;true;Design;
1.2.2.3.3;WBS-1-2-2-3-3;1.2.2.3;5;Витражи/окна;Проектирование;Стадия П;АР;Doc;комплект ПД;L5;false;Design;
1.2.2.3.3.1;WBS-1-2-2-3-3-1;1.2.2.3.3;6;Выпуск раздела/комплекта;Проектирование;Стадия П;АР;Doc;комплект ПД;L5;true;Design;
1.2.2.3.3.2;WBS-1-2-2-3-3-2;1.2.2.3.3;6;Расчёты/моделирование;Проектирование;Стадия П;АР;Model;комплект ПД;L5;true;Design;
1.2.2.3.3.3;WBS-1-2-2-3-3-3;1.2.2.3.3;6;Ответы на замечания экспертизы;Проектирование;Стадия П;АР;Doc;комплект ПД;L5;true;Design;
1.2.2.3.3.4;WBS-1-2-2-3-3-4;1.2.2.3.3;6;Внутренняя междисциплинарная координация;Проектирование;Стадия П;АР;Doc;комплект ПД;L5;true;Design;
1.2.2.3.4;WBS-1-2-2-3-4;1.2.2.3;5;МГН;Проектирование;Стадия П;АР;Doc;комплект ПД;L5;false;Design;
1.2.2.3.4.1;WBS-1-2-2-3-4-1;1.2.2.3.4;6;Выпуск раздела/комплекта;Проектирование;Стадия П;АР;Doc;комплект ПД;L5;true;Design;
1.2.2.3.4.2;WBS-1-2-2-3-4-2;1.2.2.3.4;6;Расчёты/моделирование;Проектирование;Стадия П;АР;Model;комплект ПД;L5;true;Design;
1.2.2.3.4.3;WBS-1-2-2-3-4-3;1.2.2.3.4;6;Ответы на замечания экспертизы;Проектирование;Стадия П;АР;Doc;комплект ПД;L5;true;Design;
1.2.2.3.4.4;WBS-1-2-2-3-4-4;1.2.2.3.4;6;Внутренняя междисциплинарная координация;Проектирование;Стадия П;АР;Doc;комплект ПД;L5;true;Design;
1.2.2.4;WBS-1-2-2-4;1.2.2;4;КР Конструктивные решения;Проектирование;Стадия П;КР;Doc;комплект ПД;L4;false;Design;
1.2.2.4.1;WBS-1-2-2-4-1;1.2.2.4;5;Фундаменты;Проектирование;Стадия П;КР;Doc;комплект ПД;L5;false;Design;
1.2.2.4.1.1;WBS-1-2-2-4-1-1;1.2.2.4.1;6;Выпуск раздела/комплекта;Проектирование;Стадия П;КР;Doc;комплект ПД;L5;true;Design;
1.2.2.4.1.2;WBS-1-2-2-4-1-2;1.2.2.4.1;6;Расчёты/моделирование;Проектирование;Стадия П;КР;Model;комплект ПД;L5;true;Design;
1.2.2.4.1.3;WBS-1-2-2-4-1-3;1.2.2.4.1;6;Ответы на замечания экспертизы;Проектирование;Стадия П;КР;Doc;комплект ПД;L5;true;Design;
1.2.2.4.1.4;WBS-1-2-2-4-1-4;1.2.2.4.1;6;Внутренняя междисциплинарная координация;Проектирование;Стадия П;КР;Doc;комплект ПД;L5;true;Design;
1.2.2.4.2;WBS-1-2-2-4-2;1.2.2.4;5;Подземная часть;Проектирование;Стадия П;КР;Doc;комплект ПД;L5;false;Design;
1.2.2.4.2.1;WBS-1-2-2-4-2-1;1.2.2.4.2;6;Выпуск раздела/комплекта;Проектирование;Стадия П;КР;Doc;комплект ПД;L5;true;Design;
1.2.2.4.2.2;WBS-1-2-2-4-2-2;1.2.2.4.2;6;Расчёты/моделирование;Проектирование;Стадия П;КР;Model;комплект ПД;L5;true;Design;
1.2.2.4.2.3;WBS-1-2-2-4-2-3;1.2.2.4.2;6;Ответы на замечания экспертизы;Проектирование;Стадия П;КР;Doc;комплект ПД;L5;true;Design;
1.2.2.4.2.4;WBS-1-2-2-4-2-4;1.2.2.4.2;6;Внутренняя междисциплинарная координация;Проектирование;Стадия П;КР;Doc;комплект ПД;L5;true;Design;
1.2.2.4.3;WBS-1-2-2-4-3;1.2.2.4;5;Надземный каркас;Проектирование;Стадия П;КР;Doc;комплект ПД;L5;false;Design;
1.2.2.4.3.1;WBS-1-2-2-4-3-1;1.2.2.4.3;6;Выпуск раздела/комплекта;Проектирование;Стадия П;КР;Doc;комплект ПД;L5;true;Design;
1.2.2.4.3.2;WBS-1-2-2-4-3-2;1.2.2.4.3;6;Расчёты/моделирование;Проектирование;Стадия П;КР;Model;комплект ПД;L5;true;Design;
1.2.2.4.3.3;WBS-1-2-2-4-3-3;1.2.2.4.3;6;Ответы на замечания экспертизы;Проектирование;Стадия П;КР;Doc;комплект ПД;L5;true;Design;
1.2.2.4.3.4;WBS-1-2-2-4-3-4;1.2.2.4.3;6;Внутренняя междисциплинарная координация;Проектирование;Стадия П;КР;Doc;комплект ПД;L5;true;Design;
1.2.2.4.4;WBS-1-2-2-4-4;1.2.2.4;5;Перекрытия;Проектирование;Стадия П;КР;Doc;комплект ПД;L5;false;Design;
1.2.2.4.4.1;WBS-1-2-2-4-4-1;1.2.2.4.4;6;Выпуск раздела/комплекта;Проектирование;Стадия П;КР;Doc;комплект ПД;L5;true;Design;
1.2.2.4.4.2;WBS-1-2-2-4-4-2;1.2.2.4.4;6;Расчёты/моделирование;Проектирование;Стадия П;КР;Model;комплект ПД;L5;true;Design;
1.2.2.4.4.3;WBS-1-2-2-4-4-3;1.2.2.4.4;6;Ответы на замечания экспертизы;Проектирование;Стадия П;КР;Doc;комплект ПД;L5;true;Design;
1.2.2.4.4.4;WBS-1-2-2-4-4-4;1.2.2.4.4;6;Внутренняя междисциплинарная координация;Проектирование;Стадия П;КР;Doc;комплект ПД;L5;true;Design;
1.2.2.4.5;WBS-1-2-2-4-5;1.2.2.4;5;Лестницы и шахты;Проектирование;Стадия П;КР;Doc;комплект ПД;L5;false;Design;
1.2.2.4.5.1;WBS-1-2-2-4-5-1;1.2.2.4.5;6;Выпуск раздела/комплекта;Проектирование;Стадия П;КР;Doc;комплект ПД;L5;true;Design;
1.2.2.4.5.2;WBS-1-2-2-4-5-2;1.2.2.4.5;6;Расчёты/моделирование;Проектирование;Стадия П;КР;Model;комплект ПД;L5;true;Design;
1.2.2.4.5.3;WBS-1-2-2-4-5-3;1.2.2.4.5;6;Ответы на замечания экспертизы;Проектирование;Стадия П;КР;Doc;комплект ПД;L5;true;Design;
1.2.2.4.5.4;WBS-1-2-2-4-5-4;1.2.2.4.5;6;Внутренняя междисциплинарная координация;Проектирование;Стадия П;КР;Doc;комплект ПД;L5;true;Design;
1.2.2.4.6;WBS-1-2-2-4-6;1.2.2.4;5;Кровля;Проектирование;Стадия П;КР;Doc;комплект ПД;L5;false;Design;
1.2.2.4.6.1;WBS-1-2-2-4-6-1;1.2.2.4.6;6;Выпуск раздела/комплекта;Проектирование;Стадия П;КР;Doc;комплект ПД;L5;true;Design;
1.2.2.4.6.2;WBS-1-2-2-4-6-2;1.2.2.4.6;6;Расчёты/моделирование;Проектирование;Стадия П;КР;Model;комплект ПД;L5;true;Design;
1.2.2.4.6.3;WBS-1-2-2-4-6-3;1.2.2.4.6;6;Ответы на замечания экспертизы;Проектирование;Стадия П;КР;Doc;комплект ПД;L5;true;Design;
1.2.2.4.6.4;WBS-1-2-2-4-6-4;1.2.2.4.6;6;Внутренняя междисциплинарная координация;Проектирование;Стадия П;КР;Doc;комплект ПД;L5;true;Design;
1.2.2.4.7;WBS-1-2-2-4-7;1.2.2.4;5;Деформационные швы;Проектирование;Стадия П;КР;Doc;комплект ПД;L5;false;Design;
1.2.2.4.7.1;WBS-1-2-2-4-7-1;1.2.2.4.7;6;Выпуск раздела/комплекта;Проектирование;Стадия П;КР;Doc;комплект ПД;L5;true;Design;
1.2.2.4.7.2;WBS-1-2-2-4-7-2;1.2.2.4.7;6;Расчёты/моделирование;Проектирование;Стадия П;КР;Model;комплект ПД;L5;true;Design;
1.2.2.4.7.3;WBS-1-2-2-4-7-3;1.2.2.4.7;6;Ответы на замечания экспертизы;Проектирование;Стадия П;КР;Doc;комплект ПД;L5;true;Design;
1.2.2.4.7.4;WBS-1-2-2-4-7-4;1.2.2.4.7;6;Внутренняя междисциплинарная координация;Проектирование;Стадия П;КР;Doc;комплект ПД;L5;true;Design;
1.2.2.5;WBS-1-2-2-5;1.2.2;4;ИОС Инженерное оборудование и сети;Проектирование;Стадия П;ИОС;Doc;комплект ПД;L4;false;Design;
1.2.2.5.1;WBS-1-2-2-5-1;1.2.2.5;5;ОВиК;Проектирование;Стадия П;ОВиК;Doc;комплект ПД;L5;false;Design;
1.2.2.5.1.1;WBS-1-2-2-5-1-1;1.2.2.5.1;6;Выпуск раздела/комплекта;Проектирование;Стадия П;ОВиК;Doc;комплект ПД;L5;true;Design;
1.2.2.5.1.2;WBS-1-2-2-5-1-2;1.2.2.5.1;6;Расчёты/моделирование;Проектирование;Стадия П;ОВиК;Model;комплект ПД;L5;true;Design;
1.2.2.5.1.3;WBS-1-2-2-5-1-3;1.2.2.5.1;6;Ответы на замечания экспертизы;Проектирование;Стадия П;ОВиК;Doc;комплект ПД;L5;true;Design;
1.2.2.5.1.4;WBS-1-2-2-5-1-4;1.2.2.5.1;6;Внутренняя междисциплинарная координация;Проектирование;Стадия П;ОВиК;Doc;комплект ПД;L5;true;Design;
1.2.2.5.2;WBS-1-2-2-5-2;1.2.2.5;5;ВК;Проектирование;Стадия П;ВК;Doc;комплект ПД;L5;false;Design;
1.2.2.5.2.1;WBS-1-2-2-5-2-1;1.2.2.5.2;6;Выпуск раздела/комплекта;Проектирование;Стадия П;ВК;Doc;комплект ПД;L5;true;Design;
1.2.2.5.2.2;WBS-1-2-2-5-2-2;1.2.2.5.2;6;Расчёты/моделирование;Проектирование;Стадия П;ВК;Model;комплект ПД;L5;true;Design;
1.2.2.5.2.3;WBS-1-2-2-5-2-3;1.2.2.5.2;6;Ответы на замечания экспертизы;Проектирование;Стадия П;ВК;Doc;комплект ПД;L5;true;Design;
1.2.2.5.2.4;WBS-1-2-2-5-2-4;1.2.2.5.2;6;Внутренняя междисциплинарная координация;Проектирование;Стадия П;ВК;Doc;комплект ПД;L5;true;Design;
1.2.2.5.3;WBS-1-2-2-5-3;1.2.2.5;5;ЭОМ;Проектирование;Стадия П;ЭОМ;Doc;комплект ПД;L5;false;Design;
1.2.2.5.3.1;WBS-1-2-2-5-3-1;1.2.2.5.3;6;Выпуск раздела/комплекта;Проектирование;Стадия П;ЭОМ;Doc;комплект ПД;L5;true;Design;
1.2.2.5.3.2;WBS-1-2-2-5-3-2;1.2.2.5.3;6;Расчёты/моделирование;Проектирование;Стадия П;ЭОМ;Model;комплект ПД;L5;true;Design;
1.2.2.5.3.3;WBS-1-2-2-5-3-3;1.2.2.5.3;6;Ответы на замечания экспертизы;Проектирование;Стадия П;ЭОМ;Doc;комплект ПД;L5;true;Design;
1.2.2.5.3.4;WBS-1-2-2-5-3-4;1.2.2.5.3;6;Внутренняя междисциплинарная координация;Проектирование;Стадия П;ЭОМ;Doc;комплект ПД;L5;true;Design;
1.2.2.5.4;WBS-1-2-2-5-4;1.2.2.5;5;СС;Проектирование;Стадия П;СС;Doc;комплект ПД;L5;false;Design;
1.2.2.5.4.1;WBS-1-2-2-5-4-1;1.2.2.5.4;6;Выпуск раздела/комплекта;Проектирование;Стадия П;СС;Doc;комплект ПД;L5;true;Design;
1.2.2.5.4.2;WBS-1-2-2-5-4-2;1.2.2.5.4;6;Расчёты/моделирование;Проектирование;Стадия П;СС;Model;комплект ПД;L5;true;Design;
1.2.2.5.4.3;WBS-1-2-2-5-4-3;1.2.2.5.4;6;Ответы на замечания экспертизы;Проектирование;Стадия П;СС;Doc;комплект ПД;L5;true;Design;
1.2.2.5.4.4;WBS-1-2-2-5-4-4;1.2.2.5.4;6;Внутренняя междисциплинарная координация;Проектирование;Стадия П;СС;Doc;комплект ПД;L5;true;Design;
1.2.2.5.5;WBS-1-2-2-5-5;1.2.2.5;5;АПС/СОУЭ;Проектирование;Стадия П;АПС/СОУЭ;Doc;комплект ПД;L5;false;Design;
1.2.2.5.5.1;WBS-1-2-2-5-5-1;1.2.2.5.5;6;Выпуск раздела/комплекта;Проектирование;Стадия П;АПС/СОУЭ;Doc;комплект ПД;L5;true;Design;
1.2.2.5.5.2;WBS-1-2-2-5-5-2;1.2.2.5.5;6;Расчёты/моделирование;Проектирование;Стадия П;АПС/СОУЭ;Model;комплект ПД;L5;true;Design;
1.2.2.5.5.3;WBS-1-2-2-5-5-3;1.2.2.5.5;6;Ответы на замечания экспертизы;Проектирование;Стадия П;АПС/СОУЭ;Doc;комплект ПД;L5;true;Design;
1.2.2.5.5.4;WBS-1-2-2-5-5-4;1.2.2.5.5;6;Внутренняя междисциплинарная координация;Проектирование;Стадия П;АПС/СОУЭ;Doc;комплект ПД;L5;true;Design;
1.2.2.5.6;WBS-1-2-2-5-6;1.2.2.5;5;АПТ;Проектирование;Стадия П;АПТ;Doc;комплект ПД;L5;false;Design;
1.2.2.5.6.1;WBS-1-2-2-5-6-1;1.2.2.5.6;6;Выпуск раздела/комплекта;Проектирование;Стадия П;АПТ;Doc;комплект ПД;L5;true;Design;
1.2.2.5.6.2;WBS-1-2-2-5-6-2;1.2.2.5.6;6;Расчёты/моделирование;Проектирование;Стадия П;АПТ;Model;комплект ПД;L5;true;Design;
1.2.2.5.6.3;WBS-1-2-2-5-6-3;1.2.2.5.6;6;Ответы на замечания экспертизы;Проектирование;Стадия П;АПТ;Doc;комплект ПД;L5;true;Design;
1.2.2.5.6.4;WBS-1-2-2-5-6-4;1.2.2.5.6;6;Внутренняя междисциплинарная координация;Проектирование;Стадия П;АПТ;Doc;комплект ПД;L5;true;Design;
1.2.2.5.7;WBS-1-2-2-5-7;1.2.2.5;5;Автоматизация/АСУД;Проектирование;Стадия П;Автоматизация/АСУД;Doc;комплект ПД;L5;false;Design;
1.2.2.5.7.1;WBS-1-2-2-5-7-1;1.2.2.5.7;6;Выпуск раздела/комплекта;Проектирование;Стадия П;Автоматизация/АСУД;Doc;комплект ПД;L5;true;Design;
1.2.2.5.7.2;WBS-1-2-2-5-7-2;1.2.2.5.7;6;Расчёты/моделирование;Проектирование;Стадия П;Автоматизация/АСУД;Model;комплект ПД;L5;true;Design;
1.2.2.5.7.3;WBS-1-2-2-5-7-3;1.2.2.5.7;6;Ответы на замечания экспертизы;Проектирование;Стадия П;Автоматизация/АСУД;Doc;комплект ПД;L5;true;Design;
1.2.2.5.7.4;WBS-1-2-2-5-7-4;1.2.2.5.7;6;Внутренняя междисциплинарная координация;Проектирование;Стадия П;Автоматизация/АСУД;Doc;комплект ПД;L5;true;Design;
1.2.2.6;WBS-1-2-2-6;1.2.2;4;ПОС Проект организации строительства;Проектирование;Стадия П;ПОС;Doc;комплект ПД;L4;false;Design;
1.2.2.6.1;WBS-1-2-2-6-1;1.2.2.6;5;Основной комплект;Проектирование;Стадия П;ПОС;Doc;комплект ПД;L5;false;Design;
1.2.2.6.1.1;WBS-1-2-2-6-1-1;1.2.2.6.1;6;Выпуск раздела/комплекта;Проектирование;Стадия П;ПОС;Doc;комплект ПД;L5;true;Design;
1.2.2.6.1.2;WBS-1-2-2-6-1-2;1.2.2.6.1;6;Расчёты/моделирование;Проектирование;Стадия П;ПОС;Model;комплект ПД;L5;true;Design;
1.2.2.6.1.3;WBS-1-2-2-6-1-3;1.2.2.6.1;6;Ответы на замечания экспертизы;Проектирование;Стадия П;ПОС;Doc;комплект ПД;L5;true;Design;
1.2.2.6.2;WBS-1-2-2-6-2;1.2.2.6;5;Расчётные приложения;Проектирование;Стадия П;ПОС;Doc;комплект ПД;L5;false;Design;
1.2.2.6.2.1;WBS-1-2-2-6-2-1;1.2.2.6.2;6;Выпуск раздела/комплекта;Проектирование;Стадия П;ПОС;Doc;комплект ПД;L5;true;Design;
1.2.2.6.2.2;WBS-1-2-2-6-2-2;1.2.2.6.2;6;Расчёты/моделирование;Проектирование;Стадия П;ПОС;Model;комплект ПД;L5;true;Design;
1.2.2.6.2.3;WBS-1-2-2-6-2-3;1.2.2.6.2;6;Ответы на замечания экспертизы;Проектирование;Стадия П;ПОС;Doc;комплект ПД;L5;true;Design;
1.2.2.7;WBS-1-2-2-7;1.2.2;4;ООС Охрана окружающей среды;Проектирование;Стадия П;ООС;Doc;комплект ПД;L4;false;Design;
1.2.2.7.1;WBS-1-2-2-7-1;1.2.2.7;5;Основной комплект;Проектирование;Стадия П;ООС;Doc;комплект ПД;L5;false;Design;
1.2.2.7.1.1;WBS-1-2-2-7-1-1;1.2.2.7.1;6;Выпуск раздела/комплекта;Проектирование;Стадия П;ООС;Doc;комплект ПД;L5;true;Design;
1.2.2.7.1.2;WBS-1-2-2-7-1-2;1.2.2.7.1;6;Расчёты/моделирование;Проектирование;Стадия П;ООС;Model;комплект ПД;L5;true;Design;
1.2.2.7.1.3;WBS-1-2-2-7-1-3;1.2.2.7.1;6;Ответы на замечания экспертизы;Проектирование;Стадия П;ООС;Doc;комплект ПД;L5;true;Design;
1.2.2.7.2;WBS-1-2-2-7-2;1.2.2.7;5;Расчётные приложения;Проектирование;Стадия П;ООС;Doc;комплект ПД;L5;false;Design;
1.2.2.7.2.1;WBS-1-2-2-7-2-1;1.2.2.7.2;6;Выпуск раздела/комплекта;Проектирование;Стадия П;ООС;Doc;комплект ПД;L5;true;Design;
1.2.2.7.2.2;WBS-1-2-2-7-2-2;1.2.2.7.2;6;Расчёты/моделирование;Проектирование;Стадия П;ООС;Model;комплект ПД;L5;true;Design;
1.2.2.7.2.3;WBS-1-2-2-7-2-3;1.2.2.7.2;6;Ответы на замечания экспертизы;Проектирование;Стадия П;ООС;Doc;комплект ПД;L5;true;Design;
1.2.2.8;WBS-1-2-2-8;1.2.2;4;ПБ Пожарная безопасность;Проектирование;Стадия П;ПБ;Doc;комплект ПД;L4;false;Design;
1.2.2.8.1;WBS-1-2-2-8-1;1.2.2.8;5;Основной комплект;Проектирование;Стадия П;ПБ;Doc;комплект ПД;L5;false;Design;
1.2.2.8.1.1;WBS-1-2-2-8-1-1;1.2.2.8.1;6;Выпуск раздела/комплекта;Проектирование;Стадия П;ПБ;Doc;комплект ПД;L5;true;Design;
1.2.2.8.1.2;WBS-1-2-2-8-1-2;1.2.2.8.1;6;Расчёты/моделирование;Проектирование;Стадия П;ПБ;Model;комплект ПД;L5;true;Design;
1.2.2.8.1.3;WBS-1-2-2-8-1-3;1.2.2.8.1;6;Ответы на замечания экспертизы;Проектирование;Стадия П;ПБ;Doc;комплект ПД;L5;true;Design;
1.2.2.8.1.4;WBS-1-2-2-8-1-4;1.2.2.8.1;6;Внутренняя междисциплинарная координация;Проектирование;Стадия П;ПБ;Doc;комплект ПД;L5;true;Design;
1.2.2.8.2;WBS-1-2-2-8-2;1.2.2.8;5;Расчётные приложения;Проектирование;Стадия П;ПБ;Doc;комплект ПД;L5;false;Design;
1.2.2.8.2.1;WBS-1-2-2-8-2-1;1.2.2.8.2;6;Выпуск раздела/комплекта;Проектирование;Стадия П;ПБ;Doc;комплект ПД;L5;true;Design;
1.2.2.8.2.2;WBS-1-2-2-8-2-2;1.2.2.8.2;6;Расчёты/моделирование;Проектирование;Стадия П;ПБ;Model;комплект ПД;L5;true;Design;
1.2.2.8.2.3;WBS-1-2-2-8-2-3;1.2.2.8.2;6;Ответы на замечания экспертизы;Проектирование;Стадия П;ПБ;Doc;комплект ПД;L5;true;Design;
1.2.2.8.2.4;WBS-1-2-2-8-2-4;1.2.2.8.2;6;Внутренняя междисциплинарная координация;Проектирование;Стадия П;ПБ;Doc;комплект ПД;L5;true;Design;
1.2.2.8.3;WBS-1-2-2-8-3;1.2.2.8;5;Ответы по разделу;Проектирование;Стадия П;ПБ;Doc;комплект ПД;L5;false;Design;
1.2.2.8.3.1;WBS-1-2-2-8-3-1;1.2.2.8.3;6;Выпуск раздела/комплекта;Проектирование;Стадия П;ПБ;Doc;комплект ПД;L5;true;Design;
1.2.2.8.3.2;WBS-1-2-2-8-3-2;1.2.2.8.3;6;Расчёты/моделирование;Проектирование;Стадия П;ПБ;Model;комплект ПД;L5;true;Design;
1.2.2.8.3.3;WBS-1-2-2-8-3-3;1.2.2.8.3;6;Ответы на замечания экспертизы;Проектирование;Стадия П;ПБ;Doc;комплект ПД;L5;true;Design;
1.2.2.8.3.4;WBS-1-2-2-8-3-4;1.2.2.8.3;6;Внутренняя междисциплинарная координация;Проектирование;Стадия П;ПБ;Doc;комплект ПД;L5;true;Design;
1.2.2.9;WBS-1-2-2-9;1.2.2;4;ОДИ Доступность МГН;Проектирование;Стадия П;ОДИ;Doc;комплект ПД;L4;false;Design;
1.2.2.9.1;WBS-1-2-2-9-1;1.2.2.9;5;Основной комплект;Проектирование;Стадия П;ОДИ;Doc;комплект ПД;L5;false;Design;
1.2.2.9.1.1;WBS-1-2-2-9-1-1;1.2.2.9.1;6;Выпуск раздела/комплекта;Проектирование;Стадия П;ОДИ;Doc;комплект ПД;L5;true;Design;
1.2.2.9.1.2;WBS-1-2-2-9-1-2;1.2.2.9.1;6;Расчёты/моделирование;Проектирование;Стадия П;ОДИ;Model;комплект ПД;L5;true;Design;
1.2.2.9.1.3;WBS-1-2-2-9-1-3;1.2.2.9.1;6;Ответы на замечания экспертизы;Проектирование;Стадия П;ОДИ;Doc;комплект ПД;L5;true;Design;
1.2.2.9.2;WBS-1-2-2-9-2;1.2.2.9;5;Расчётные приложения;Проектирование;Стадия П;ОДИ;Doc;комплект ПД;L5;false;Design;
1.2.2.9.2.1;WBS-1-2-2-9-2-1;1.2.2.9.2;6;Выпуск раздела/комплекта;Проектирование;Стадия П;ОДИ;Doc;комплект ПД;L5;true;Design;
1.2.2.9.2.2;WBS-1-2-2-9-2-2;1.2.2.9.2;6;Расчёты/моделирование;Проектирование;Стадия П;ОДИ;Model;комплект ПД;L5;true;Design;
1.2.2.9.2.3;WBS-1-2-2-9-2-3;1.2.2.9.2;6;Ответы на замечания экспертизы;Проектирование;Стадия П;ОДИ;Doc;комплект ПД;L5;true;Design;
1.2.2.10;WBS-1-2-2-10;1.2.2;4;ЭЭ Энергоэффективность;Проектирование;Стадия П;ЭЭ;Doc;комплект ПД;L4;false;Design;
1.2.2.10.1;WBS-1-2-2-10-1;1.2.2.10;5;Основной комплект;Проектирование;Стадия П;ЭЭ;Doc;комплект ПД;L5;false;Design;
1.2.2.10.1.1;WBS-1-2-2-10-1-1;1.2.2.10.1;6;Выпуск раздела/комплекта;Проектирование;Стадия П;ЭЭ;Doc;комплект ПД;L5;true;Design;
1.2.2.10.1.2;WBS-1-2-2-10-1-2;1.2.2.10.1;6;Расчёты/моделирование;Проектирование;Стадия П;ЭЭ;Model;комплект ПД;L5;true;Design;
1.2.2.10.1.3;WBS-1-2-2-10-1-3;1.2.2.10.1;6;Ответы на замечания экспертизы;Проектирование;Стадия П;ЭЭ;Doc;комплект ПД;L5;true;Design;
1.2.2.10.2;WBS-1-2-2-10-2;1.2.2.10;5;Расчётные приложения;Проектирование;Стадия П;ЭЭ;Doc;комплект ПД;L5;false;Design;
1.2.2.10.2.1;WBS-1-2-2-10-2-1;1.2.2.10.2;6;Выпуск раздела/комплекта;Проектирование;Стадия П;ЭЭ;Doc;комплект ПД;L5;true;Design;
1.2.2.10.2.2;WBS-1-2-2-10-2-2;1.2.2.10.2;6;Расчёты/моделирование;Проектирование;Стадия П;ЭЭ;Model;комплект ПД;L5;true;Design;
1.2.2.10.2.3;WBS-1-2-2-10-2-3;1.2.2.10.2;6;Ответы на замечания экспертизы;Проектирование;Стадия П;ЭЭ;Doc;комплект ПД;L5;true;Design;
1.2.2.11;WBS-1-2-2-11;1.2.2;4;Смета Сметная документация;Проектирование;Стадия П;Смета;Doc;комплект ПД;L4;false;Design;
1.2.2.11.1;WBS-1-2-2-11-1;1.2.2.11;5;Основной комплект;Проектирование;Стадия П;Смета;Doc;комплект ПД;L5;false;Design;
1.2.2.11.1.1;WBS-1-2-2-11-1-1;1.2.2.11.1;6;Выпуск раздела/комплекта;Проектирование;Стадия П;Смета;Doc;комплект ПД;L5;true;Design;
1.2.2.11.1.2;WBS-1-2-2-11-1-2;1.2.2.11.1;6;Расчёты/моделирование;Проектирование;Стадия П;Смета;Model;комплект ПД;L5;true;Design;
1.2.2.11.1.3;WBS-1-2-2-11-1-3;1.2.2.11.1;6;Ответы на замечания экспертизы;Проектирование;Стадия П;Смета;Doc;комплект ПД;L5;true;Design;
1.2.2.11.2;WBS-1-2-2-11-2;1.2.2.11;5;Расчётные приложения;Проектирование;Стадия П;Смета;Doc;комплект ПД;L5;false;Design;
1.2.2.11.2.1;WBS-1-2-2-11-2-1;1.2.2.11.2;6;Выпуск раздела/комплекта;Проектирование;Стадия П;Смета;Doc;комплект ПД;L5;true;Design;
1.2.2.11.2.2;WBS-1-2-2-11-2-2;1.2.2.11.2;6;Расчёты/моделирование;Проектирование;Стадия П;Смета;Model;комплект ПД;L5;true;Design;
1.2.2.11.2.3;WBS-1-2-2-11-2-3;1.2.2.11.2;6;Ответы на замечания экспертизы;Проектирование;Стадия П;Смета;Doc;комплект ПД;L5;true;Design;
1.2.2.11.3;WBS-1-2-2-11-3;1.2.2.11;5;Ответы по разделу;Проектирование;Стадия П;Смета;Doc;комплект ПД;L5;false;Design;
1.2.2.11.3.1;WBS-1-2-2-11-3-1;1.2.2.11.3;6;Выпуск раздела/комплекта;Проектирование;Стадия П;Смета;Doc;комплект ПД;L5;true;Design;
1.2.2.11.3.2;WBS-1-2-2-11-3-2;1.2.2.11.3;6;Расчёты/моделирование;Проектирование;Стадия П;Смета;Model;комплект ПД;L5;true;Design;
1.2.2.11.3.3;WBS-1-2-2-11-3-3;1.2.2.11.3;6;Ответы на замечания экспертизы;Проектирование;Стадия П;Смета;Doc;комплект ПД;L5;true;Design;
1.2.3.1;WBS-1-2-3-1;1.2.3;4;АР;Проектирование;Стадия Р;АР;Doc;комплект РД;L4;false;Design;
1.2.3.1.1;WBS-1-2-3-1-1;1.2.3.1;5;Планировки/МОП;Проектирование;Стадия Р;АР;Doc;комплект РД;L5;false;Design;
1.2.3.1.1.1;WBS-1-2-3-1-1-1;1.2.3.1.1;6;Выпуск раздела/комплекта;Проектирование;Стадия Р;АР;Doc;комплект РД;L5;true;Design;
1.2.3.1.1.2;WBS-1-2-3-1-1-2;1.2.3.1.1;6;Расчёты/моделирование;Проектирование;Стадия Р;АР;Model;комплект РД;L5;true;Design;
1.2.3.1.1.3;WBS-1-2-3-1-1-3;1.2.3.1.1;6;Корректировка по замечаниям Заказчика/стройки;Проектирование;Стадия Р;АР;Doc;комплект РД;L5;true;Design;
1.2.3.1.2;WBS-1-2-3-1-2;1.2.3.1;5;Фасады;Проектирование;Стадия Р;АР;Doc;комплект РД;L5;false;Design;
1.2.3.1.2.1;WBS-1-2-3-1-2-1;1.2.3.1.2;6;Выпуск раздела/комплекта;Проектирование;Стадия Р;АР;Doc;комплект РД;L5;true;Design;
1.2.3.1.2.2;WBS-1-2-3-1-2-2;1.2.3.1.2;6;Расчёты/моделирование;Проектирование;Стадия Р;АР;Model;комплект РД;L5;true;Design;
1.2.3.1.2.3;WBS-1-2-3-1-2-3;1.2.3.1.2;6;Корректировка по замечаниям Заказчика/стройки;Проектирование;Стадия Р;АР;Doc;комплект РД;L5;true;Design;
1.2.3.1.3;WBS-1-2-3-1-3;1.2.3.1;5;Витражи/окна;Проектирование;Стадия Р;АР;Doc;комплект РД;L5;false;Design;
1.2.3.1.3.1;WBS-1-2-3-1-3-1;1.2.3.1.3;6;Выпуск раздела/комплекта;Проектирование;Стадия Р;АР;Doc;комплект РД;L5;true;Design;
1.2.3.1.3.2;WBS-1-2-3-1-3-2;1.2.3.1.3;6;Расчёты/моделирование;Проектирование;Стадия Р;АР;Model;комплект РД;L5;true;Design;
1.2.3.1.3.3;WBS-1-2-3-1-3-3;1.2.3.1.3;6;Корректировка по замечаниям Заказчика/стройки;Проектирование;Стадия Р;АР;Doc;комплект РД;L5;true;Design;
1.2.3.1.4;WBS-1-2-3-1-4;1.2.3.1;5;МГН;Проектирование;Стадия Р;АР;Doc;комплект РД;L5;false;Design;
1.2.3.1.4.1;WBS-1-2-3-1-4-1;1.2.3.1.4;6;Выпуск раздела/комплекта;Проектирование;Стадия Р;АР;Doc;комплект РД;L5;true;Design;
1.2.3.1.4.2;WBS-1-2-3-1-4-2;1.2.3.1.4;6;Расчёты/моделирование;Проектирование;Стадия Р;АР;Model;комплект РД;L5;true;Design;
1.2.3.1.4.3;WBS-1-2-3-1-4-3;1.2.3.1.4;6;Корректировка по замечаниям Заказчика/стройки;Проектирование;Стадия Р;АР;Doc;комплект РД;L5;true;Design;
1.2.3.2;WBS-1-2-3-2;1.2.3;4;КР (КЖ/КМ);Проектирование;Стадия Р;КР;Doc;комплект РД;L4;false;Design;
1.2.3.2.1;WBS-1-2-3-2-1;1.2.3.2;5;Фундаменты;Проектирование;Стадия Р;КР;Doc;комплект РД;L5;false;Design;
1.2.3.2.1.1;WBS-1-2-3-2-1-1;1.2.3.2.1;6;Выпуск раздела/комплекта;Проектирование;Стадия Р;КР;Doc;комплект РД;L5;true;Design;
1.2.3.2.1.2;WBS-1-2-3-2-1-2;1.2.3.2.1;6;Расчёты/моделирование;Проектирование;Стадия Р;КР;Model;комплект РД;L5;true;Design;
1.2.3.2.1.3;WBS-1-2-3-2-1-3;1.2.3.2.1;6;Корректировка по замечаниям Заказчика/стройки;Проектирование;Стадия Р;КР;Doc;комплект РД;L5;true;Design;
1.2.3.2.1.4;WBS-1-2-3-2-1-4;1.2.3.2.1;6;Узлы проходок/закладных и коллизии;Проектирование;Стадия Р;КР;Doc;комплект РД;L5;true;Design;
1.2.3.2.2;WBS-1-2-3-2-2;1.2.3.2;5;Подземная часть;Проектирование;Стадия Р;КР;Doc;комплект РД;L5;false;Design;
1.2.3.2.2.1;WBS-1-2-3-2-2-1;1.2.3.2.2;6;Выпуск раздела/комплекта;Проектирование;Стадия Р;КР;Doc;комплект РД;L5;true;Design;
1.2.3.2.2.2;WBS-1-2-3-2-2-2;1.2.3.2.2;6;Расчёты/моделирование;Проектирование;Стадия Р;КР;Model;комплект РД;L5;true;Design;
1.2.3.2.2.3;WBS-1-2-3-2-2-3;1.2.3.2.2;6;Корректировка по замечаниям Заказчика/стройки;Проектирование;Стадия Р;КР;Doc;комплект РД;L5;true;Design;
1.2.3.2.2.4;WBS-1-2-3-2-2-4;1.2.3.2.2;6;Узлы проходок/закладных и коллизии;Проектирование;Стадия Р;КР;Doc;комплект РД;L5;true;Design;
1.2.3.2.3;WBS-1-2-3-2-3;1.2.3.2;5;Надземный каркас;Проектирование;Стадия Р;КР;Doc;комплект РД;L5;false;Design;
1.2.3.2.3.1;WBS-1-2-3-2-3-1;1.2.3.2.3;6;Выпуск раздела/комплекта;Проектирование;Стадия Р;КР;Doc;комплект РД;L5;true;Design;
1.2.3.2.3.2;WBS-1-2-3-2-3-2;1.2.3.2.3;6;Расчёты/моделирование;Проектирование;Стадия Р;КР;Model;комплект РД;L5;true;Design;
1.2.3.2.3.3;WBS-1-2-3-2-3-3;1.2.3.2.3;6;Корректировка по замечаниям Заказчика/стройки;Проектирование;Стадия Р;КР;Doc;комплект РД;L5;true;Design;
1.2.3.2.3.4;WBS-1-2-3-2-3-4;1.2.3.2.3;6;Узлы проходок/закладных и коллизии;Проектирование;Стадия Р;КР;Doc;комплект РД;L5;true;Design;
1.2.3.2.4;WBS-1-2-3-2-4;1.2.3.2;5;Перекрытия;Проектирование;Стадия Р;КР;Doc;комплект РД;L5;false;Design;
1.2.3.2.4.1;WBS-1-2-3-2-4-1;1.2.3.2.4;6;Выпуск раздела/комплекта;Проектирование;Стадия Р;КР;Doc;комплект РД;L5;true;Design;
1.2.3.2.4.2;WBS-1-2-3-2-4-2;1.2.3.2.4;6;Расчёты/моделирование;Проектирование;Стадия Р;КР;Model;комплект РД;L5;true;Design;
1.2.3.2.4.3;WBS-1-2-3-2-4-3;1.2.3.2.4;6;Корректировка по замечаниям Заказчика/стройки;Проектирование;Стадия Р;КР;Doc;комплект РД;L5;true;Design;
1.2.3.2.4.4;WBS-1-2-3-2-4-4;1.2.3.2.4;6;Узлы проходок/закладных и коллизии;Проектирование;Стадия Р;КР;Doc;комплект РД;L5;true;Design;
1.2.3.2.5;WBS-1-2-3-2-5;1.2.3.2;5;Лестницы и шахты;Проектирование;Стадия Р;КР;Doc;комплект РД;L5;false;Design;
1.2.3.2.5.1;WBS-1-2-3-2-5-1;1.2.3.2.5;6;Выпуск раздела/комплекта;Проектирование;Стадия Р;КР;Doc;комплект РД;L5;true;Design;
1.2.3.2.5.2;WBS-1-2-3-2-5-2;1.2.3.2.5;6;Расчёты/моделирование;Проектирование;Стадия Р;КР;Model;комплект РД;L5;true;Design;
1.2.3.2.5.3;WBS-1-2-3-2-5-3;1.2.3.2.5;6;Корректировка по замечаниям Заказчика/стройки;Проектирование;Стадия Р;КР;Doc;комплект РД;L5;true;Design;
1.2.3.2.5.4;WBS-1-2-3-2-5-4;1.2.3.2.5;6;Узлы проходок/закладных и коллизии;Проектирование;Стадия Р;КР;Doc;комплект РД;L5;true;Design;
1.2.3.2.6;WBS-1-2-3-2-6;1.2.3.2;5;Кровля;Проектирование;Стадия Р;КР;Doc;комплект РД;L5;false;Design;
1.2.3.2.6.1;WBS-1-2-3-2-6-1;1.2.3.2.6;6;Выпуск раздела/комплекта;Проектирование;Стадия Р;КР;Doc;комплект РД;L5;true;Design;
1.2.3.2.6.2;WBS-1-2-3-2-6-2;1.2.3.2.6;6;Расчёты/моделирование;Проектирование;Стадия Р;КР;Model;комплект РД;L5;true;Design;
1.2.3.2.6.3;WBS-1-2-3-2-6-3;1.2.3.2.6;6;Корректировка по замечаниям Заказчика/стройки;Проектирование;Стадия Р;КР;Doc;комплект РД;L5;true;Design;
1.2.3.2.6.4;WBS-1-2-3-2-6-4;1.2.3.2.6;6;Узлы проходок/закладных и коллизии;Проектирование;Стадия Р;КР;Doc;комплект РД;L5;true;Design;
1.2.3.2.7;WBS-1-2-3-2-7;1.2.3.2;5;Деформационные швы;Проектирование;Стадия Р;КР;Doc;комплект РД;L5;false;Design;
1.2.3.2.7.1;WBS-1-2-3-2-7-1;1.2.3.2.7;6;Выпуск раздела/комплекта;Проектирование;Стадия Р;КР;Doc;комплект РД;L5;true;Design;
1.2.3.2.7.2;WBS-1-2-3-2-7-2;1.2.3.2.7;6;Расчёты/моделирование;Проектирование;Стадия Р;КР;Model;комплект РД;L5;true;Design;
1.2.3.2.7.3;WBS-1-2-3-2-7-3;1.2.3.2.7;6;Корректировка по замечаниям Заказчика/стройки;Проектирование;Стадия Р;КР;Doc;комплект РД;L5;true;Design;
1.2.3.2.7.4;WBS-1-2-3-2-7-4;1.2.3.2.7;6;Узлы проходок/закладных и коллизии;Проектирование;Стадия Р;КР;Doc;комплект РД;L5;true;Design;
1.2.3.3;WBS-1-2-3-3;1.2.3;4;ОВиК;Проектирование;Стадия Р;ОВиК;Doc;комплект РД;L4;false;Design;
1.2.3.3.1;WBS-1-2-3-3-1;1.2.3.3;5;Отопление;Проектирование;Стадия Р;ОВиК;Doc;комплект РД;L5;false;Design;
1.2.3.3.1.1;WBS-1-2-3-3-1-1;1.2.3.3.1;6;Выпуск раздела/комплекта;Проектирование;Стадия Р;ОВиК;Doc;комплект РД;L5;true;Design;
1.2.3.3.1.2;WBS-1-2-3-3-1-2;1.2.3.3.1;6;Расчёты/моделирование;Проектирование;Стадия Р;ОВиК;Model;комплект РД;L5;true;Design;
1.2.3.3.1.3;WBS-1-2-3-3-1-3;1.2.3.3.1;6;Корректировка по замечаниям Заказчика/стройки;Проектирование;Стадия Р;ОВиК;Doc;комплект РД;L5;true;Design;
1.2.3.3.1.4;WBS-1-2-3-3-1-4;1.2.3.3.1;6;Узлы проходок/закладных и коллизии;Проектирование;Стадия Р;ОВиК;Doc;комплект РД;L5;true;Design;
1.2.3.3.2;WBS-1-2-3-3-2;1.2.3.3;5;Вентиляция;Проектирование;Стадия Р;ОВиК;Doc;комплект РД;L5;false;Design;
1.2.3.3.2.1;WBS-1-2-3-3-2-1;1.2.3.3.2;6;Выпуск раздела/комплекта;Проектирование;Стадия Р;ОВиК;Doc;комплект РД;L5;true;Design;
1.2.3.3.2.2;WBS-1-2-3-3-2-2;1.2.3.3.2;6;Расчёты/моделирование;Проектирование;Стадия Р;ОВиК;Model;комплект РД;L5;true;Design;
1.2.3.3.2.3;WBS-1-2-3-3-2-3;1.2.3.3.2;6;Корректировка по замечаниям Заказчика/стройки;Проектирование;Стадия Р;ОВиК;Doc;комплект РД;L5;true;Design;
1.2.3.3.2.4;WBS-1-2-3-3-2-4;1.2.3.3.2;6;Узлы проходок/закладных и коллизии;Проектирование;Стадия Р;ОВиК;Doc;комплект РД;L5;true;Design;
1.2.3.3.3;WBS-1-2-3-3-3;1.2.3.3;5;Дымоудаление;Проектирование;Стадия Р;ОВиК;Doc;комплект РД;L5;false;Design;
1.2.3.3.3.1;WBS-1-2-3-3-3-1;1.2.3.3.3;6;Выпуск раздела/комплекта;Проектирование;Стадия Р;ОВиК;Doc;комплект РД;L5;true;Design;
1.2.3.3.3.2;WBS-1-2-3-3-3-2;1.2.3.3.3;6;Расчёты/моделирование;Проектирование;Стадия Р;ОВиК;Model;комплект РД;L5;true;Design;
1.2.3.3.3.3;WBS-1-2-3-3-3-3;1.2.3.3.3;6;Корректировка по замечаниям Заказчика/стройки;Проектирование;Стадия Р;ОВиК;Doc;комплект РД;L5;true;Design;
1.2.3.3.3.4;WBS-1-2-3-3-3-4;1.2.3.3.3;6;Узлы проходок/закладных и коллизии;Проектирование;Стадия Р;ОВиК;Doc;комплект РД;L5;true;Design;
1.2.3.3.4;WBS-1-2-3-3-4;1.2.3.3;5;Подпор;Проектирование;Стадия Р;ОВиК;Doc;комплект РД;L5;false;Design;
1.2.3.3.4.1;WBS-1-2-3-3-4-1;1.2.3.3.4;6;Выпуск раздела/комплекта;Проектирование;Стадия Р;ОВиК;Doc;комплект РД;L5;true;Design;
1.2.3.3.4.2;WBS-1-2-3-3-4-2;1.2.3.3.4;6;Расчёты/моделирование;Проектирование;Стадия Р;ОВиК;Model;комплект РД;L5;true;Design;
1.2.3.3.4.3;WBS-1-2-3-3-4-3;1.2.3.3.4;6;Корректировка по замечаниям Заказчика/стройки;Проектирование;Стадия Р;ОВиК;Doc;комплект РД;L5;true;Design;
1.2.3.3.4.4;WBS-1-2-3-3-4-4;1.2.3.3.4;6;Узлы проходок/закладных и коллизии;Проектирование;Стадия Р;ОВиК;Doc;комплект РД;L5;true;Design;
1.2.3.3.5;WBS-1-2-3-3-5;1.2.3.3;5;ИТП/узлы;Проектирование;Стадия Р;ОВиК;Doc;комплект РД;L5;false;Design;
1.2.3.3.5.1;WBS-1-2-3-3-5-1;1.2.3.3.5;6;Выпуск раздела/комплекта;Проектирование;Стадия Р;ОВиК;Doc;комплект РД;L5;true;Design;
1.2.3.3.5.2;WBS-1-2-3-3-5-2;1.2.3.3.5;6;Расчёты/моделирование;Проектирование;Стадия Р;ОВиК;Model;комплект РД;L5;true;Design;
1.2.3.3.5.3;WBS-1-2-3-3-5-3;1.2.3.3.5;6;Корректировка по замечаниям Заказчика/стройки;Проектирование;Стадия Р;ОВиК;Doc;комплект РД;L5;true;Design;
1.2.3.3.5.4;WBS-1-2-3-3-5-4;1.2.3.3.5;6;Узлы проходок/закладных и коллизии;Проектирование;Стадия Р;ОВиК;Doc;комплект РД;L5;true;Design;
1.2.3.3.6;WBS-1-2-3-3-6;1.2.3.3;5;Автоматика ОВ;Проектирование;Стадия Р;ОВиК;Doc;комплект РД;L5;false;Design;
1.2.3.3.6.1;WBS-1-2-3-3-6-1;1.2.3.3.6;6;Выпуск раздела/комплекта;Проектирование;Стадия Р;ОВиК;Doc;комплект РД;L5;true;Design;
1.2.3.3.6.2;WBS-1-2-3-3-6-2;1.2.3.3.6;6;Расчёты/моделирование;Проектирование;Стадия Р;ОВиК;Model;комплект РД;L5;true;Design;
1.2.3.3.6.3;WBS-1-2-3-3-6-3;1.2.3.3.6;6;Корректировка по замечаниям Заказчика/стройки;Проектирование;Стадия Р;ОВиК;Doc;комплект РД;L5;true;Design;
1.2.3.3.6.4;WBS-1-2-3-3-6-4;1.2.3.3.6;6;Узлы проходок/закладных и коллизии;Проектирование;Стадия Р;ОВиК;Doc;комплект РД;L5;true;Design;
1.2.3.4;WBS-1-2-3-4;1.2.3;4;ВК;Проектирование;Стадия Р;ВК;Doc;комплект РД;L4;false;Design;
1.2.3.4.1;WBS-1-2-3-4-1;1.2.3.4;5;ХВС/ГВС;Проектирование;Стадия Р;ВК;Doc;комплект РД;L5;false;Design;
1.2.3.4.1.1;WBS-1-2-3-4-1-1;1.2.3.4.1;6;Выпуск раздела/комплекта;Проектирование;Стадия Р;ВК;Doc;комплект РД;L5;true;Design;
1.2.3.4.1.2;WBS-1-2-3-4-1-2;1.2.3.4.1;6;Расчёты/моделирование;Проектирование;Стадия Р;ВК;Model;комплект РД;L5;true;Design;
1.2.3.4.1.3;WBS-1-2-3-4-1-3;1.2.3.4.1;6;Корректировка по замечаниям Заказчика/стройки;Проектирование;Стадия Р;ВК;Doc;комплект РД;L5;true;Design;
1.2.3.4.1.4;WBS-1-2-3-4-1-4;1.2.3.4.1;6;Узлы проходок/закладных и коллизии;Проектирование;Стадия Р;ВК;Doc;комплект РД;L5;true;Design;
1.2.3.4.2;WBS-1-2-3-4-2;1.2.3.4;5;Канализация;Проектирование;Стадия Р;ВК;Doc;комплект РД;L5;false;Design;
1.2.3.4.2.1;WBS-1-2-3-4-2-1;1.2.3.4.2;6;Выпуск раздела/комплекта;Проектирование;Стадия Р;ВК;Doc;комплект РД;L5;true;Design;
1.2.3.4.2.2;WBS-1-2-3-4-2-2;1.2.3.4.2;6;Расчёты/моделирование;Проектирование;Стадия Р;ВК;Model;комплект РД;L5;true;Design;
1.2.3.4.2.3;WBS-1-2-3-4-2-3;1.2.3.4.2;6;Корректировка по замечаниям Заказчика/стройки;Проектирование;Стадия Р;ВК;Doc;комплект РД;L5;true;Design;
1.2.3.4.2.4;WBS-1-2-3-4-2-4;1.2.3.4.2;6;Узлы проходок/закладных и коллизии;Проектирование;Стадия Р;ВК;Doc;комплект РД;L5;true;Design;
1.2.3.4.3;WBS-1-2-3-4-3;1.2.3.4;5;Ливневая/дренаж;Проектирование;Стадия Р;ВК;Doc;комплект РД;L5;false;Design;
1.2.3.4.3.1;WBS-1-2-3-4-3-1;1.2.3.4.3;6;Выпуск раздела/комплекта;Проектирование;Стадия Р;ВК;Doc;комплект РД;L5;true;Design;
1.2.3.4.3.2;WBS-1-2-3-4-3-2;1.2.3.4.3;6;Расчёты/моделирование;Проектирование;Стадия Р;ВК;Model;комплект РД;L5;true;Design;
1.2.3.4.3.3;WBS-1-2-3-4-3-3;1.2.3.4.3;6;Корректировка по замечаниям Заказчика/стройки;Проектирование;Стадия Р;ВК;Doc;комплект РД;L5;true;Design;
1.2.3.4.3.4;WBS-1-2-3-4-3-4;1.2.3.4.3;6;Узлы проходок/закладных и коллизии;Проектирование;Стадия Р;ВК;Doc;комплект РД;L5;true;Design;
1.2.3.4.4;WBS-1-2-3-4-4;1.2.3.4;5;ВПВ;Проектирование;Стадия Р;ВК;Doc;комплект РД;L5;false;Design;
1.2.3.4.4.1;WBS-1-2-3-4-4-1;1.2.3.4.4;6;Выпуск раздела/комплекта;Проектирование;Стадия Р;ВК;Doc;комплект РД;L5;true;Design;
1.2.3.4.4.2;WBS-1-2-3-4-4-2;1.2.3.4.4;6;Расчёты/моделирование;Проектирование;Стадия Р;ВК;Model;комплект РД;L5;true;Design;
1.2.3.4.4.3;WBS-1-2-3-4-4-3;1.2.3.4.4;6;Корректировка по замечаниям Заказчика/стройки;Проектирование;Стадия Р;ВК;Doc;комплект РД;L5;true;Design;
1.2.3.4.4.4;WBS-1-2-3-4-4-4;1.2.3.4.4;6;Узлы проходок/закладных и коллизии;Проектирование;Стадия Р;ВК;Doc;комплект РД;L5;true;Design;
1.2.3.4.5;WBS-1-2-3-4-5;1.2.3.4;5;Насосные;Проектирование;Стадия Р;ВК;Doc;комплект РД;L5;false;Design;
1.2.3.4.5.1;WBS-1-2-3-4-5-1;1.2.3.4.5;6;Выпуск раздела/комплекта;Проектирование;Стадия Р;ВК;Doc;комплект РД;L5;true;Design;
1.2.3.4.5.2;WBS-1-2-3-4-5-2;1.2.3.4.5;6;Расчёты/моделирование;Проектирование;Стадия Р;ВК;Model;комплект РД;L5;true;Design;
1.2.3.4.5.3;WBS-1-2-3-4-5-3;1.2.3.4.5;6;Корректировка по замечаниям Заказчика/стройки;Проектирование;Стадия Р;ВК;Doc;комплект РД;L5;true;Design;
1.2.3.4.5.4;WBS-1-2-3-4-5-4;1.2.3.4.5;6;Узлы проходок/закладных и коллизии;Проектирование;Стадия Р;ВК;Doc;комплект РД;L5;true;Design;
1.2.3.4.6;WBS-1-2-3-4-6;1.2.3.4;5;Учёт воды;Проектирование;Стадия Р;ВК;Doc;комплект РД;L5;false;Design;
1.2.3.4.6.1;WBS-1-2-3-4-6-1;1.2.3.4.6;6;Выпуск раздела/комплекта;Проектирование;Стадия Р;ВК;Doc;комплект РД;L5;true;Design;
1.2.3.4.6.2;WBS-1-2-3-4-6-2;1.2.3.4.6;6;Расчёты/моделирование;Проектирование;Стадия Р;ВК;Model;комплект РД;L5;true;Design;
1.2.3.4.6.3;WBS-1-2-3-4-6-3;1.2.3.4.6;6;Корректировка по замечаниям Заказчика/стройки;Проектирование;Стадия Р;ВК;Doc;комплект РД;L5;true;Design;
1.2.3.4.6.4;WBS-1-2-3-4-6-4;1.2.3.4.6;6;Узлы проходок/закладных и коллизии;Проектирование;Стадия Р;ВК;Doc;комплект РД;L5;true;Design;
1.2.3.5;WBS-1-2-3-5;1.2.3;4;ЭОМ;Проектирование;Стадия Р;ЭОМ;Doc;комплект РД;L4;false;Design;
1.2.3.5.1;WBS-1-2-3-5-1;1.2.3.5;5;Ввод/ВРУ/ГРЩ;Проектирование;Стадия Р;ЭОМ;Doc;комплект РД;L5;false;Design;
1.2.3.5.1.1;WBS-1-2-3-5-1-1;1.2.3.5.1;6;Выпуск раздела/комплекта;Проектирование;Стадия Р;ЭОМ;Doc;комплект РД;L5;true;Design;
1.2.3.5.1.2;WBS-1-2-3-5-1-2;1.2.3.5.1;6;Расчёты/моделирование;Проектирование;Стадия Р;ЭОМ;Model;комплект РД;L5;true;Design;
1.2.3.5.1.3;WBS-1-2-3-5-1-3;1.2.3.5.1;6;Корректировка по замечаниям Заказчика/стройки;Проектирование;Стадия Р;ЭОМ;Doc;комплект РД;L5;true;Design;
1.2.3.5.1.4;WBS-1-2-3-5-1-4;1.2.3.5.1;6;Узлы проходок/закладных и коллизии;Проектирование;Стадия Р;ЭОМ;Doc;комплект РД;L5;true;Design;
1.2.3.5.2;WBS-1-2-3-5-2;1.2.3.5;5;Распределение;Проектирование;Стадия Р;ЭОМ;Doc;комплект РД;L5;false;Design;
1.2.3.5.2.1;WBS-1-2-3-5-2-1;1.2.3.5.2;6;Выпуск раздела/комплекта;Проектирование;Стадия Р;ЭОМ;Doc;комплект РД;L5;true;Design;
1.2.3.5.2.2;WBS-1-2-3-5-2-2;1.2.3.5.2;6;Расчёты/моделирование;Проектирование;Стадия Р;ЭОМ;Model;комплект РД;L5;true;Design;
1.2.3.5.2.3;WBS-1-2-3-5-2-3;1.2.3.5.2;6;Корректировка по замечаниям Заказчика/стройки;Проектирование;Стадия Р;ЭОМ;Doc;комплект РД;L5;true;Design;
1.2.3.5.2.4;WBS-1-2-3-5-2-4;1.2.3.5.2;6;Узлы проходок/закладных и коллизии;Проектирование;Стадия Р;ЭОМ;Doc;комплект РД;L5;true;Design;
1.2.3.5.3;WBS-1-2-3-5-3;1.2.3.5;5;Освещение (вкл аварийное);Проектирование;Стадия Р;ЭОМ;Doc;комплект РД;L5;false;Design;
1.2.3.5.3.1;WBS-1-2-3-5-3-1;1.2.3.5.3;6;Выпуск раздела/комплекта;Проектирование;Стадия Р;ЭОМ;Doc;комплект РД;L5;true;Design;
1.2.3.5.3.2;WBS-1-2-3-5-3-2;1.2.3.5.3;6;Расчёты/моделирование;Проектирование;Стадия Р;ЭОМ;Model;комплект РД;L5;true;Design;
1.2.3.5.3.3;WBS-1-2-3-5-3-3;1.2.3.5.3;6;Корректировка по замечаниям Заказчика/стройки;Проектирование;Стадия Р;ЭОМ;Doc;комплект РД;L5;true;Design;
1.2.3.5.3.4;WBS-1-2-3-5-3-4;1.2.3.5.3;6;Узлы проходок/закладных и коллизии;Проектирование;Стадия Р;ЭОМ;Doc;комплект РД;L5;true;Design;
1.2.3.5.4;WBS-1-2-3-5-4;1.2.3.5;5;Силовые сети;Проектирование;Стадия Р;ЭОМ;Doc;комплект РД;L5;false;Design;
1.2.3.5.4.1;WBS-1-2-3-5-4-1;1.2.3.5.4;6;Выпуск раздела/комплекта;Проектирование;Стадия Р;ЭОМ;Doc;комплект РД;L5;true;Design;
1.2.3.5.4.2;WBS-1-2-3-5-4-2;1.2.3.5.4;6;Расчёты/моделирование;Проектирование;Стадия Р;ЭОМ;Model;комплект РД;L5;true;Design;
1.2.3.5.4.3;WBS-1-2-3-5-4-3;1.2.3.5.4;6;Корректировка по замечаниям Заказчика/стройки;Проектирование;Стадия Р;ЭОМ;Doc;комплект РД;L5;true;Design;
1.2.3.5.4.4;WBS-1-2-3-5-4-4;1.2.3.5.4;6;Узлы проходок/закладных и коллизии;Проектирование;Стадия Р;ЭОМ;Doc;комплект РД;L5;true;Design;
1.2.3.5.5;WBS-1-2-3-5-5;1.2.3.5;5;Заземление/молниезащита;Проектирование;Стадия Р;ЭОМ;Doc;комплект РД;L5;false;Design;
1.2.3.5.5.1;WBS-1-2-3-5-5-1;1.2.3.5.5;6;Выпуск раздела/комплекта;Проектирование;Стадия Р;ЭОМ;Doc;комплект РД;L5;true;Design;
1.2.3.5.5.2;WBS-1-2-3-5-5-2;1.2.3.5.5;6;Расчёты/моделирование;Проектирование;Стадия Р;ЭОМ;Model;комплект РД;L5;true;Design;
1.2.3.5.5.3;WBS-1-2-3-5-5-3;1.2.3.5.5;6;Корректировка по замечаниям Заказчика/стройки;Проектирование;Стадия Р;ЭОМ;Doc;комплект РД;L5;true;Design;
1.2.3.5.5.4;WBS-1-2-3-5-5-4;1.2.3.5.5;6;Узлы проходок/закладных и коллизии;Проектирование;Стадия Р;ЭОМ;Doc;комплект РД;L5;true;Design;
1.2.3.5.6;WBS-1-2-3-5-6;1.2.3.5;5;Учёт/АСКУЭ;Проектирование;Стадия Р;ЭОМ;Doc;комплект РД;L5;false;Design;
1.2.3.5.6.1;WBS-1-2-3-5-6-1;1.2.3.5.6;6;Выпуск раздела/комплекта;Проектирование;Стадия Р;ЭОМ;Doc;комплект РД;L5;true;Design;
1.2.3.5.6.2;WBS-1-2-3-5-6-2;1.2.3.5.6;6;Расчёты/моделирование;Проектирование;Стадия Р;ЭОМ;Model;комплект РД;L5;true;Design;
1.2.3.5.6.3;WBS-1-2-3-5-6-3;1.2.3.5.6;6;Корректировка по замечаниям Заказчика/стройки;Проектирование;Стадия Р;ЭОМ;Doc;комплект РД;L5;true;Design;
1.2.3.5.6.4;WBS-1-2-3-5-6-4;1.2.3.5.6;6;Узлы проходок/закладных и коллизии;Проектирование;Стадия Р;ЭОМ;Doc;комплект РД;L5;true;Design;
1.2.3.5.7;WBS-1-2-3-5-7;1.2.3.5;5;Резервирование;Проектирование;Стадия Р;ЭОМ;Doc;комплект РД;L5;false;Design;
1.2.3.5.7.1;WBS-1-2-3-5-7-1;1.2.3.5.7;6;Выпуск раздела/комплекта;Проектирование;Стадия Р;ЭОМ;Doc;комплект РД;L5;true;Design;
1.2.3.5.7.2;WBS-1-2-3-5-7-2;1.2.3.5.7;6;Расчёты/моделирование;Проектирование;Стадия Р;ЭОМ;Model;комплект РД;L5;true;Design;
1.2.3.5.7.3;WBS-1-2-3-5-7-3;1.2.3.5.7;6;Корректировка по замечаниям Заказчика/стройки;Проектирование;Стадия Р;ЭОМ;Doc;комплект РД;L5;true;Design;
1.2.3.5.7.4;WBS-1-2-3-5-7-4;1.2.3.5.7;6;Узлы проходок/закладных и коллизии;Проектирование;Стадия Р;ЭОМ;Doc;комплект РД;L5;true;Design;
1.2.3.6;WBS-1-2-3-6;1.2.3;4;СС;Проектирование;Стадия Р;СС;Doc;комплект РД;L4;false;Design;
1.2.3.6.1;WBS-1-2-3-6-1;1.2.3.6;5;СКС/ЛВС;Проектирование;Стадия Р;СС;Doc;комплект РД;L5;false;Design;
1.2.3.6.1.1;WBS-1-2-3-6-1-1;1.2.3.6.1;6;Выпуск раздела/комплекта;Проектирование;Стадия Р;СС;Doc;комплект РД;L5;true;Design;
1.2.3.6.1.2;WBS-1-2-3-6-1-2;1.2.3.6.1;6;Расчёты/моделирование;Проектирование;Стадия Р;СС;Model;комплект РД;L5;true;Design;
1.2.3.6.1.3;WBS-1-2-3-6-1-3;1.2.3.6.1;6;Корректировка по замечаниям Заказчика/стройки;Проектирование;Стадия Р;СС;Doc;комплект РД;L5;true;Design;
1.2.3.6.1.4;WBS-1-2-3-6-1-4;1.2.3.6.1;6;Узлы проходок/закладных и коллизии;Проектирование;Стадия Р;СС;Doc;комплект РД;L5;true;Design;
1.2.3.6.2;WBS-1-2-3-6-2;1.2.3.6;5;Домофония;Проектирование;Стадия Р;СС;Doc;комплект РД;L5;false;Design;
1.2.3.6.2.1;WBS-1-2-3-6-2-1;1.2.3.6.2;6;Выпуск раздела/комплекта;Проектирование;Стадия Р;СС;Doc;комплект РД;L5;true;Design;
1.2.3.6.2.2;WBS-1-2-3-6-2-2;1.2.3.6.2;6;Расчёты/моделирование;Проектирование;Стадия Р;СС;Model;комплект РД;L5;true;Design;
1.2.3.6.2.3;WBS-1-2-3-6-2-3;1.2.3.6.2;6;Корректировка по замечаниям Заказчика/стройки;Проектирование;Стадия Р;СС;Doc;комплект РД;L5;true;Design;
1.2.3.6.2.4;WBS-1-2-3-6-2-4;1.2.3.6.2;6;Узлы проходок/закладных и коллизии;Проектирование;Стадия Р;СС;Doc;комплект РД;L5;true;Design;
1.2.3.6.3;WBS-1-2-3-6-3;1.2.3.6;5;СКУД;Проектирование;Стадия Р;СС;Doc;комплект РД;L5;false;Design;
1.2.3.6.3.1;WBS-1-2-3-6-3-1;1.2.3.6.3;6;Выпуск раздела/комплекта;Проектирование;Стадия Р;СС;Doc;комплект РД;L5;true;Design;
1.2.3.6.3.2;WBS-1-2-3-6-3-2;1.2.3.6.3;6;Расчёты/моделирование;Проектирование;Стадия Р;СС;Model;комплект РД;L5;true;Design;
1.2.3.6.3.3;WBS-1-2-3-6-3-3;1.2.3.6.3;6;Корректировка по замечаниям Заказчика/стройки;Проектирование;Стадия Р;СС;Doc;комплект РД;L5;true;Design;
1.2.3.6.3.4;WBS-1-2-3-6-3-4;1.2.3.6.3;6;Узлы проходок/закладных и коллизии;Проектирование;Стадия Р;СС;Doc;комплект РД;L5;true;Design;
1.2.3.6.4;WBS-1-2-3-6-4;1.2.3.6;5;СОТ;Проектирование;Стадия Р;СС;Doc;комплект РД;L5;false;Design;
1.2.3.6.4.1;WBS-1-2-3-6-4-1;1.2.3.6.4;6;Выпуск раздела/комплекта;Проектирование;Стадия Р;СС;Doc;комплект РД;L5;true;Design;
1.2.3.6.4.2;WBS-1-2-3-6-4-2;1.2.3.6.4;6;Расчёты/моделирование;Проектирование;Стадия Р;СС;Model;комплект РД;L5;true;Design;
1.2.3.6.4.3;WBS-1-2-3-6-4-3;1.2.3.6.4;6;Корректировка по замечаниям Заказчика/стройки;Проектирование;Стадия Р;СС;Doc;комплект РД;L5;true;Design;
1.2.3.6.4.4;WBS-1-2-3-6-4-4;1.2.3.6.4;6;Узлы проходок/закладных и коллизии;Проектирование;Стадия Р;СС;Doc;комплект РД;L5;true;Design;
1.2.3.6.5;WBS-1-2-3-6-5;1.2.3.6;5;Охранка;Проектирование;Стадия Р;СС;Doc;комплект РД;L5;false;Design;
1.2.3.6.5.1;WBS-1-2-3-6-5-1;1.2.3.6.5;6;Выпуск раздела/комплекта;Проектирование;Стадия Р;СС;Doc;комплект РД;L5;true;Design;
1.2.3.6.5.2;WBS-1-2-3-6-5-2;1.2.3.6.5;6;Расчёты/моделирование;Проектирование;Стадия Р;СС;Model;комплект РД;L5;true;Design;
1.2.3.6.5.3;WBS-1-2-3-6-5-3;1.2.3.6.5;6;Корректировка по замечаниям Заказчика/стройки;Проектирование;Стадия Р;СС;Doc;комплект РД;L5;true;Design;
1.2.3.6.5.4;WBS-1-2-3-6-5-4;1.2.3.6.5;6;Узлы проходок/закладных и коллизии;Проектирование;Стадия Р;СС;Doc;комплект РД;L5;true;Design;
1.2.3.6.6;WBS-1-2-3-6-6;1.2.3.6;5;АПС;Проектирование;Стадия Р;СС;Doc;комплект РД;L5;false;Design;
1.2.3.6.6.1;WBS-1-2-3-6-6-1;1.2.3.6.6;6;Выпуск раздела/комплекта;Проектирование;Стадия Р;СС;Doc;комплект РД;L5;true;Design;
1.2.3.6.6.2;WBS-1-2-3-6-6-2;1.2.3.6.6;6;Расчёты/моделирование;Проектирование;Стадия Р;СС;Model;комплект РД;L5;true;Design;
1.2.3.6.6.3;WBS-1-2-3-6-6-3;1.2.3.6.6;6;Корректировка по замечаниям Заказчика/стройки;Проектирование;Стадия Р;СС;Doc;комплект РД;L5;true;Design;
1.2.3.6.6.4;WBS-1-2-3-6-6-4;1.2.3.6.6;6;Узлы проходок/закладных и коллизии;Проектирование;Стадия Р;СС;Doc;комплект РД;L5;true;Design;
1.2.3.6.7;WBS-1-2-3-6-7;1.2.3.6;5;СОУЭ;Проектирование;Стадия Р;СС;Doc;комплект РД;L5;false;Design;
1.2.3.6.7.1;WBS-1-2-3-6-7-1;1.2.3.6.7;6;Выпуск раздела/комплекта;Проектирование;Стадия Р;СС;Doc;комплект РД;L5;true;Design;
1.2.3.6.7.2;WBS-1-2-3-6-7-2;1.2.3.6.7;6;Расчёты/моделирование;Проектирование;Стадия Р;СС;Model;комплект РД;L5;true;Design;
1.2.3.6.7.3;WBS-1-2-3-6-7-3;1.2.3.6.7;6;Корректировка по замечаниям Заказчика/стройки;Проектирование;Стадия Р;СС;Doc;комплект РД;L5;true;Design;
1.2.3.6.7.4;WBS-1-2-3-6-7-4;1.2.3.6.7;6;Узлы проходок/закладных и коллизии;Проектирование;Стадия Р;СС;Doc;комплект РД;L5;true;Design;
1.2.3.6.8;WBS-1-2-3-6-8;1.2.3.6;5;Диспетчеризация/интеграции;Проектирование;Стадия Р;СС;Doc;комплект РД;L5;false;Design;
1.2.3.6.8.1;WBS-1-2-3-6-8-1;1.2.3.6.8;6;Выпуск раздела/комплекта;Проектирование;Стадия Р;СС;Doc;комплект РД;L5;true;Design;
1.2.3.6.8.2;WBS-1-2-3-6-8-2;1.2.3.6.8;6;Расчёты/моделирование;Проектирование;Стадия Р;СС;Model;комплект РД;L5;true;Design;
1.2.3.6.8.3;WBS-1-2-3-6-8-3;1.2.3.6.8;6;Корректировка по замечаниям Заказчика/стройки;Проектирование;Стадия Р;СС;Doc;комплект РД;L5;true;Design;
1.2.3.6.8.4;WBS-1-2-3-6-8-4;1.2.3.6.8;6;Узлы проходок/закладных и коллизии;Проектирование;Стадия Р;СС;Doc;комплект РД;L5;true;Design;
1.2.3.7;WBS-1-2-3-7;1.2.3;4;Генплан/Благоустройство;Проектирование;Стадия Р;Генплан/Благоустройство;Doc;комплект РД;L4;false;Design;
1.2.3.7.1;WBS-1-2-3-7-1;1.2.3.7;5;Вертикальная планировка;Проектирование;Стадия Р;Генплан/Благоустройство;Doc;комплект РД;L5;false;Design;
1.2.3.7.1.1;WBS-1-2-3-7-1-1;1.2.3.7.1;6;Выпуск раздела/комплекта;Проектирование;Стадия Р;Генплан/Благоустройство;Doc;комплект РД;L5;true;Design;
1.2.3.7.1.2;WBS-1-2-3-7-1-2;1.2.3.7.1;6;Расчёты/моделирование;Проектирование;Стадия Р;Генплан/Благоустройство;Model;комплект РД;L5;true;Design;
1.2.3.7.1.3;WBS-1-2-3-7-1-3;1.2.3.7.1;6;Корректировка по замечаниям Заказчика/стройки;Проектирование;Стадия Р;Генплан/Благоустройство;Doc;комплект РД;L5;true;Design;
1.2.3.7.2;WBS-1-2-3-7-2;1.2.3.7;5;Покрытия и МАФ;Проектирование;Стадия Р;Генплан/Благоустройство;Doc;комплект РД;L5;false;Design;
1.2.3.7.2.1;WBS-1-2-3-7-2-1;1.2.3.7.2;6;Выпуск раздела/комплекта;Проектирование;Стадия Р;Генплан/Благоустройство;Doc;комплект РД;L5;true;Design;
1.2.3.7.2.2;WBS-1-2-3-7-2-2;1.2.3.7.2;6;Расчёты/моделирование;Проектирование;Стадия Р;Генплан/Благоустройство;Model;комплект РД;L5;true;Design;
1.2.3.7.2.3;WBS-1-2-3-7-2-3;1.2.3.7.2;6;Корректировка по замечаниям Заказчика/стройки;Проектирование;Стадия Р;Генплан/Благоустройство;Doc;комплект РД;L5;true;Design;
1.2.3.7.3;WBS-1-2-3-7-3;1.2.3.7;5;Озеленение;Проектирование;Стадия Р;Генплан/Благоустройство;Doc;комплект РД;L5;false;Design;
1.2.3.7.3.1;WBS-1-2-3-7-3-1;1.2.3.7.3;6;Выпуск раздела/комплекта;Проектирование;Стадия Р;Генплан/Благоустройство;Doc;комплект РД;L5;true;Design;
1.2.3.7.3.2;WBS-1-2-3-7-3-2;1.2.3.7.3;6;Расчёты/моделирование;Проектирование;Стадия Р;Генплан/Благоустройство;Model;комплект РД;L5;true;Design;
1.2.3.7.3.3;WBS-1-2-3-7-3-3;1.2.3.7.3;6;Корректировка по замечаниям Заказчика/стройки;Проектирование;Стадия Р;Генплан/Благоустройство;Doc;комплект РД;L5;true;Design;
1.2.3.8;WBS-1-2-3-8;1.2.3;4;Наружные сети;Проектирование;Стадия Р;Наружные;Doc;комплект РД;L4;false;Design;
1.2.3.8.1;WBS-1-2-3-8-1;1.2.3.8;5;Наружный ВК;Проектирование;Стадия Р;Наружные;Doc;комплект РД;L5;false;Design;
1.2.3.8.1.1;WBS-1-2-3-8-1-1;1.2.3.8.1;6;Выпуск раздела/комплекта;Проектирование;Стадия Р;Наружные;Doc;комплект РД;L5;true;Design;
1.2.3.8.1.2;WBS-1-2-3-8-1-2;1.2.3.8.1;6;Расчёты/моделирование;Проектирование;Стадия Р;Наружные;Model;комплект РД;L5;true;Design;
1.2.3.8.1.3;WBS-1-2-3-8-1-3;1.2.3.8.1;6;Корректировка по замечаниям Заказчика/стройки;Проектирование;Стадия Р;Наружные;Doc;комплект РД;L5;true;Design;
1.2.3.8.2;WBS-1-2-3-8-2;1.2.3.8;5;Наружные тепловые сети;Проектирование;Стадия Р;Наружные;Doc;комплект РД;L5;false;Design;
1.2.3.8.2.1;WBS-1-2-3-8-2-1;1.2.3.8.2;6;Выпуск раздела/комплекта;Проектирование;Стадия Р;Наружные;Doc;комплект РД;L5;true;Design;
1.2.3.8.2.2;WBS-1-2-3-8-2-2;1.2.3.8.2;6;Расчёты/моделирование;Проектирование;Стадия Р;Наружные;Model;комплект РД;L5;true;Design;
1.2.3.8.2.3;WBS-1-2-3-8-2-3;1.2.3.8.2;6;Корректировка по замечаниям Заказчика/стройки;Проектирование;Стадия Р;Наружные;Doc;комплект РД;L5;true;Design;
1.2.3.8.3;WBS-1-2-3-8-3;1.2.3.8;5;Кабельные сети;Проектирование;Стадия Р;Наружные;Doc;комплект РД;L5;false;Design;
1.2.3.8.3.1;WBS-1-2-3-8-3-1;1.2.3.8.3;6;Выпуск раздела/комплекта;Проектирование;Стадия Р;Наружные;Doc;комплект РД;L5;true;Design;
1.2.3.8.3.2;WBS-1-2-3-8-3-2;1.2.3.8.3;6;Расчёты/моделирование;Проектирование;Стадия Р;Наружные;Model;комплект РД;L5;true;Design;
1.2.3.8.3.3;WBS-1-2-3-8-3-3;1.2.3.8.3;6;Корректировка по замечаниям Заказчика/стройки;Проектирование;Стадия Р;Наружные;Doc;комплект РД;L5;true;Design;
1.2.3.9;WBS-1-2-3-9;1.2.3;4;Интерьеры/МОП;Проектирование;Стадия Р;Интерьеры/МОП;Doc;комплект РД;L4;false;Design;
1.2.3.9.1;WBS-1-2-3-9-1;1.2.3.9;5;Отделка МОП;Проектирование;Стадия Р;Интерьеры/МОП;Doc;комплект РД;L5;false;Design;
1.2.3.9.1.1;WBS-1-2-3-9-1-1;1.2.3.9.1;6;Выпуск раздела/комплекта;Проектирование;Стадия Р;Интерьеры/МОП;Doc;комплект РД;L5;true;Design;
1.2.3.9.1.2;WBS-1-2-3-9-1-2;1.2.3.9.1;6;Расчёты/моделирование;Проектирование;Стадия Р;Интерьеры/МОП;Model;комплект РД;L5;true;Design;
1.2.3.9.1.3;WBS-1-2-3-9-1-3;1.2.3.9.1;6;Корректировка по замечаниям Заказчика/стройки;Проектирование;Стадия Р;Интерьеры/МОП;Doc;комплект РД;L5;true;Design;
1.2.3.9.2;WBS-1-2-3-9-2;1.2.3.9;5;Навигация;Проектирование;Стадия Р;Интерьеры/МОП;Doc;комплект РД;L5;false;Design;
1.2.3.9.2.1;WBS-1-2-3-9-2-1;1.2.3.9.2;6;Выпуск раздела/комплекта;Проектирование;Стадия Р;Интерьеры/МОП;Doc;комплект РД;L5;true;Design;
1.2.3.9.2.2;WBS-1-2-3-9-2-2;1.2.3.9.2;6;Расчёты/моделирование;Проектирование;Стадия Р;Интерьеры/МОП;Model;комплект РД;L5;true;Design;
1.2.3.9.2.3;WBS-1-2-3-9-2-3;1.2.3.9.2;6;Корректировка по замечаниям Заказчика/стройки;Проектирование;Стадия Р;Интерьеры/МОП;Doc;комплект РД;L5;true;Design;
1.2.3.9.3;WBS-1-2-3-9-3;1.2.3.9;5;Декоративное освещение;Проектирование;Стадия Р;Интерьеры/МОП;Doc;комплект РД;L5;false;Design;
1.2.3.9.3.1;WBS-1-2-3-9-3-1;1.2.3.9.3;6;Выпуск раздела/комплекта;Проектирование;Стадия Р;Интерьеры/МОП;Doc;комплект РД;L5;true;Design;
1.2.3.9.3.2;WBS-1-2-3-9-3-2;1.2.3.9.3;6;Расчёты/моделирование;Проектирование;Стадия Р;Интерьеры/МОП;Model;комплект РД;L5;true;Design;
1.2.3.9.3.3;WBS-1-2-3-9-3-3;1.2.3.9.3;6;Корректировка по замечаниям Заказчика/стройки;Проектирование;Стадия Р;Интерьеры/МОП;Doc;комплект РД;L5;true;Design;
1.2.4.1;WBS-1-2-4-1;1.2.4;4;АН АР/КР;Проектирование;Авторский надзор;АР/КР;Service;акт АН;L5;false;Design;
1.2.4.1.1;WBS-1-2-4-1-1;1.2.4.1;5;Выезды;Проектирование;Авторский надзор;АР/КР;Service;акт АН;L5;false;Design;
1.2.4.1.1.1;WBS-1-2-4-1-1-1;1.2.4.1.1;6;Выезд/проверка;Проектирование;Авторский надзор;АР/КР;Service;акт АН;L5;true;Design;
1.2.4.1.1.2;WBS-1-2-4-1-1-2;1.2.4.1.1;6;Оформление заключения;Проектирование;Авторский надзор;АР/КР;Service;акт АН;L5;true;Design;
1.2.4.1.1.3;WBS-1-2-4-1-1-3;1.2.4.1.1;6;Ежемесячный акт АН;Проектирование;Авторский надзор;АР/КР;Service;акт АН;L5;true;Design;
1.2.4.1.2;WBS-1-2-4-1-2;1.2.4.1;5;Заключения/согласование изменений;Проектирование;Авторский надзор;АР/КР;Service;акт АН;L5;false;Design;
1.2.4.1.2.1;WBS-1-2-4-1-2-1;1.2.4.1.2;6;Выезд/проверка;Проектирование;Авторский надзор;АР/КР;Service;акт АН;L5;true;Design;
1.2.4.1.2.2;WBS-1-2-4-1-2-2;1.2.4.1.2;6;Оформление заключения;Проектирование;Авторский надзор;АР/КР;Service;акт АН;L5;true;Design;
1.2.4.1.2.3;WBS-1-2-4-1-2-3;1.2.4.1.2;6;Ежемесячный акт АН;Проектирование;Авторский надзор;АР/КР;Service;акт АН;L5;true;Design;
1.2.4.1.3;WBS-1-2-4-1-3;1.2.4.1;5;Контроль соответствия;Проектирование;Авторский надзор;АР/КР;Service;акт АН;L5;false;Design;
1.2.4.1.3.1;WBS-1-2-4-1-3-1;1.2.4.1.3;6;Выезд/проверка;Проектирование;Авторский надзор;АР/КР;Service;акт АН;L5;true;Design;
1.2.4.1.3.2;WBS-1-2-4-1-3-2;1.2.4.1.3;6;Оформление заключения;Проектирование;Авторский надзор;АР/КР;Service;акт АН;L5;true;Design;
1.2.4.1.3.3;WBS-1-2-4-1-3-3;1.2.4.1.3;6;Ежемесячный акт АН;Проектирование;Авторский надзор;АР/КР;Service;акт АН;L5;true;Design;
1.2.4.2;WBS-1-2-4-2;1.2.4;4;АН ИОС;Проектирование;Авторский надзор;ИОС;Service;акт АН;L5;false;Design;
1.2.4.2.1;WBS-1-2-4-2-1;1.2.4.2;5;Выезды;Проектирование;Авторский надзор;ИОС;Service;акт АН;L5;false;Design;
1.2.4.2.1.1;WBS-1-2-4-2-1-1;1.2.4.2.1;6;Выезд/проверка;Проектирование;Авторский надзор;ИОС;Service;акт АН;L5;true;Design;
1.2.4.2.1.2;WBS-1-2-4-2-1-2;1.2.4.2.1;6;Оформление заключения;Проектирование;Авторский надзор;ИОС;Service;акт АН;L5;true;Design;
1.2.4.2.1.3;WBS-1-2-4-2-1-3;1.2.4.2.1;6;Ежемесячный акт АН;Проектирование;Авторский надзор;ИОС;Service;акт АН;L5;true;Design;
1.2.4.2.2;WBS-1-2-4-2-2;1.2.4.2;5;Заключения/согласование изменений;Проектирование;Авторский надзор;ИОС;Service;акт АН;L5;false;Design;
1.2.4.2.2.1;WBS-1-2-4-2-2-1;1.2.4.2.2;6;Выезд/проверка;Проектирование;Авторский надзор;ИОС;Service;акт АН;L5;true;Design;
1.2.4.2.2.2;WBS-1-2-4-2-2-2;1.2.4.2.2;6;Оформление заключения;Проектирование;Авторский надзор;ИОС;Service;акт АН;L5;true;Design;
1.2.4.2.2.3;WBS-1-2-4-2-2-3;1.2.4.2.2;6;Ежемесячный акт АН;Проектирование;Авторский надзор;ИОС;Service;акт АН;L5;true;Design;
1.2.4.2.3;WBS-1-2-4-2-3;1.2.4.2;5;Контроль соответствия;Проектирование;Авторский надзор;ИОС;Service;акт АН;L5;false;Design;
1.2.4.2.3.1;WBS-1-2-4-2-3-1;1.2.4.2.3;6;Выезд/проверка;Проектирование;Авторский надзор;ИОС;Service;акт АН;L5;true;Design;
1.2.4.2.3.2;WBS-1-2-4-2-3-2;1.2.4.2.3;6;Оформление заключения;Проектирование;Авторский надзор;ИОС;Service;акт АН;L5;true;Design;
1.2.4.2.3.3;WBS-1-2-4-2-3-3;1.2.4.2.3;6;Ежемесячный акт АН;Проектирование;Авторский надзор;ИОС;Service;акт АН;L5;true;Design;
1.3.1;WBS-1-3-1;1.3;3;Экспертиза ПД;Экспертиза и РНС;Экспертиза;ПД;Service;заключение экспертизы;L4;false;Expertise;
1.3.1.1;WBS-1-3-1-1;1.3.1;4;Подача комплекта;Экспертиза и РНС;Экспертиза;ПД;Service;заключение экспертизы;L4;false;Expertise;
1.3.1.1.1;WBS-1-3-1-1-1;1.3.1.1;5;Сопровождение этапа;Экспертиза и РНС;Экспертиза;ПД;Service;заключение экспертизы;L5;false;Expertise;
1.3.1.1.1.1;WBS-1-3-1-1-1-1;1.3.1.1.1;6;Закрытие этапа экспертизы;Экспертиза и РНС;Экспертиза;ПД;Service;заключение экспертизы;L5;true;Expertise;
1.3.1.2;WBS-1-3-1-2;1.3.1;4;Ответы на замечания;Экспертиза и РНС;Экспертиза;ПД;Service;заключение экспертизы;L4;false;Expertise;
1.3.1.2.1;WBS-1-3-1-2-1;1.3.1.2;5;Сопровождение этапа;Экспертиза и РНС;Экспертиза;ПД;Service;заключение экспертизы;L5;false;Expertise;
1.3.1.2.1.1;WBS-1-3-1-2-1-1;1.3.1.2.1;6;Закрытие этапа экспертизы;Экспертиза и РНС;Экспертиза;ПД;Service;заключение экспертизы;L5;true;Expertise;
1.3.1.3;WBS-1-3-1-3;1.3.1;4;Получение положительного заключения;Экспертиза и РНС;Экспертиза;ПД;Service;заключение экспертизы;L4;false;Expertise;
1.3.1.3.1;WBS-1-3-1-3-1;1.3.1.3;5;Сопровождение этапа;Экспертиза и РНС;Экспертиза;ПД;Service;заключение экспертизы;L5;false;Expertise;
1.3.1.3.1.1;WBS-1-3-1-3-1-1;1.3.1.3.1;6;Закрытие этапа экспертизы;Экспертиза и РНС;Экспертиза;ПД;Service;заключение экспертизы;L5;true;Expertise;
1.3.2;WBS-1-3-2;1.3;3;Получение РНС;Экспертиза и РНС;РНС;;Service;РНС;L4;false;Expertise;
1.4.1;WBS-1-4-1;1.4;3;Тендеры;Тендеры и контрактация;Тендер;;Service;тендерный пакет;L4;false;Design;
1.4.1.1;WBS-1-4-1-1;1.4.1;4;Тендер Проектирование;Тендеры и контрактация;Тендер;Проектирование;Doc;тендерный пакет;L4;false;Design;
1.4.1.1.1;WBS-1-4-1-1-1;1.4.1.1;5;Пакет ТЗ+BOQ;Тендеры и контрактация;Тендер;Проектирование;Doc;тендерный пакет;L5;false;Design;
1.4.1.1.1.1;WBS-1-4-1-1-1-1;1.4.1.1.1;6;Акт этапа тендера;Тендеры и контрактация;Тендер;Проектирование;Service;протокол/договор;L5;true;Design;
1.4.1.2;WBS-1-4-1-2;1.4.1;4;Тендер СМР;Тендеры и контрактация;Тендер;СМР;Doc;тендерный пакет;L4;false;Design;
1.4.1.2.1;WBS-1-4-1-2-1;1.4.1.2;5;Пакет ТЗ+BOQ;Тендеры и контрактация;Тендер;СМР;Doc;тендерный пакет;L5;false;Design;
1.4.1.2.1.1;WBS-1-4-1-2-1-1;1.4.1.2.1;6;Акт этапа тендера;Тендеры и контрактация;Тендер;СМР;Service;протокол/договор;L5;true;Design;
1.4.1.3;WBS-1-4-1-3;1.4.1;4;Тендер ПНР;Тендеры и контрактация;Тендер;ПНР;Doc;тендерный пакет;L4;false;Design;
1.4.1.3.1;WBS-1-4-1-3-1;1.4.1.3;5;Пакет ТЗ+BOQ;Тендеры и контрактация;Тендер;ПНР;Doc;тендерный пакет;L5;false;Design;
1.4.1.3.1.1;WBS-1-4-1-3-1-1;1.4.1.3.1;6;Акт этапа тендера;Тендеры и контрактация;Тендер;ПНР;Service;протокол/договор;L5;true;Design;
1.5.1;WBS-1-5-1;1.5;3;СМР по дисциплинам;СМР;СМР;;Works;КС-2/КС-3;L5;false;Construction;
1.5.1.1;WBS-1-5-1-1;1.5.1;4;КР;СМР;СМР;КР;Works;КС-2/КС-3;L5;false;Construction;
1.5.1.1.1;WBS-1-5-1-1-1;1.5.1.1;5;Монтаж;СМР;СМР;КР;Works;КС-2/КС-3;L5;false;Construction;
1.5.1.1.1.1;WBS-1-5-1-1-1-1;1.5.1.1.1;6;Приемка WP;СМР;СМР;КР;Works;КС-2/КС-3;L5;true;Construction;
1.5.1.1.2;WBS-1-5-1-1-2;1.5.1.1;5;Исполнительная документация;СМР;СМР;КР;Works;КС-2/КС-3;L5;false;Construction;
1.5.1.1.2.1;WBS-1-5-1-1-2-1;1.5.1.1.2;6;Приемка WP;СМР;СМР;КР;Works;КС-2/КС-3;L5;true;Construction;
1.5.1.1.3;WBS-1-5-1-1-3;1.5.1.1;5;Подготовка к ПНР;СМР;СМР;КР;Works;КС-2/КС-3;L5;false;Construction;
1.5.1.1.3.1;WBS-1-5-1-1-3-1;1.5.1.1.3;6;Приемка WP;СМР;СМР;КР;Works;КС-2/КС-3;L5;true;Construction;
1.5.1.2;WBS-1-5-1-2;1.5.1;4;ОВиК;СМР;СМР;ОВиК;Works;КС-2/КС-3;L5;false;Construction;
1.5.1.2.1;WBS-1-5-1-2-1;1.5.1.2;5;Монтаж;СМР;СМР;ОВиК;Works;КС-2/КС-3;L5;false;Construction;
1.5.1.2.1.1;WBS-1-5-1-2-1-1;1.5.1.2.1;6;Приемка WP;СМР;СМР;ОВиК;Works;КС-2/КС-3;L5;true;Construction;
1.5.1.2.2;WBS-1-5-1-2-2;1.5.1.2;5;Исполнительная документация;СМР;СМР;ОВиК;Works;КС-2/КС-3;L5;false;Construction;
1.5.1.2.2.1;WBS-1-5-1-2-2-1;1.5.1.2.2;6;Приемка WP;СМР;СМР;ОВиК;Works;КС-2/КС-3;L5;true;Construction;
1.5.1.2.3;WBS-1-5-1-2-3;1.5.1.2;5;Подготовка к ПНР;СМР;СМР;ОВиК;Works;КС-2/КС-3;L5;false;Construction;
1.5.1.2.3.1;WBS-1-5-1-2-3-1;1.5.1.2.3;6;Приемка WP;СМР;СМР;ОВиК;Works;КС-2/КС-3;L5;true;Construction;
1.5.1.3;WBS-1-5-1-3;1.5.1;4;ВК;СМР;СМР;ВК;Works;КС-2/КС-3;L5;false;Construction;
1.5.1.3.1;WBS-1-5-1-3-1;1.5.1.3;5;Монтаж;СМР;СМР;ВК;Works;КС-2/КС-3;L5;false;Construction;
1.5.1.3.1.1;WBS-1-5-1-3-1-1;1.5.1.3.1;6;Приемка WP;СМР;СМР;ВК;Works;КС-2/КС-3;L5;true;Construction;
1.5.1.3.2;WBS-1-5-1-3-2;1.5.1.3;5;Исполнительная документация;СМР;СМР;ВК;Works;КС-2/КС-3;L5;false;Construction;
1.5.1.3.2.1;WBS-1-5-1-3-2-1;1.5.1.3.2;6;Приемка WP;СМР;СМР;ВК;Works;КС-2/КС-3;L5;true;Construction;
1.5.1.3.3;WBS-1-5-1-3-3;1.5.1.3;5;Подготовка к ПНР;СМР;СМР;ВК;Works;КС-2/КС-3;L5;false;Construction;
1.5.1.3.3.1;WBS-1-5-1-3-3-1;1.5.1.3.3;6;Приемка WP;СМР;СМР;ВК;Works;КС-2/КС-3;L5;true;Construction;
1.5.1.4;WBS-1-5-1-4;1.5.1;4;ЭОМ;СМР;СМР;ЭОМ;Works;КС-2/КС-3;L5;false;Construction;
1.5.1.4.1;WBS-1-5-1-4-1;1.5.1.4;5;Монтаж;СМР;СМР;ЭОМ;Works;КС-2/КС-3;L5;false;Construction;
1.5.1.4.1.1;WBS-1-5-1-4-1-1;1.5.1.4.1;6;Приемка WP;СМР;СМР;ЭОМ;Works;КС-2/КС-3;L5;true;Construction;
1.5.1.4.2;WBS-1-5-1-4-2;1.5.1.4;5;Исполнительная документация;СМР;СМР;ЭОМ;Works;КС-2/КС-3;L5;false;Construction;
1.5.1.4.2.1;WBS-1-5-1-4-2-1;1.5.1.4.2;6;Приемка WP;СМР;СМР;ЭОМ;Works;КС-2/КС-3;L5;true;Construction;
1.5.1.4.3;WBS-1-5-1-4-3;1.5.1.4;5;Подготовка к ПНР;СМР;СМР;ЭОМ;Works;КС-2/КС-3;L5;false;Construction;
1.5.1.4.3.1;WBS-1-5-1-4-3-1;1.5.1.4.3;6;Приемка WP;СМР;СМР;ЭОМ;Works;КС-2/КС-3;L5;true;Construction;
1.5.1.5;WBS-1-5-1-5;1.5.1;4;СС;СМР;СМР;СС;Works;КС-2/КС-3;L5;false;Construction;
1.5.1.5.1;WBS-1-5-1-5-1;1.5.1.5;5;Монтаж;СМР;СМР;СС;Works;КС-2/КС-3;L5;false;Construction;
1.5.1.5.1.1;WBS-1-5-1-5-1-1;1.5.1.5.1;6;Приемка WP;СМР;СМР;СС;Works;КС-2/КС-3;L5;true;Construction;
1.5.1.5.2;WBS-1-5-1-5-2;1.5.1.5;5;Исполнительная документация;СМР;СМР;СС;Works;КС-2/КС-3;L5;false;Construction;
1.5.1.5.2.1;WBS-1-5-1-5-2-1;1.5.1.5.2;6;Приемка WP;СМР;СМР;СС;Works;КС-2/КС-3;L5;true;Construction;
1.5.1.5.3;WBS-1-5-1-5-3;1.5.1.5;5;Подготовка к ПНР;СМР;СМР;СС;Works;КС-2/КС-3;L5;false;Construction;
1.5.1.5.3.1;WBS-1-5-1-5-3-1;1.5.1.5.3;6;Приемка WP;СМР;СМР;СС;Works;КС-2/КС-3;L5;true;Construction;
1.6.1;WBS-1-6-1;1.6;3;ПНР по системам;ПНР;ПНР;;Works;протокол испытаний;L5;false;Commissioning;
1.6.1.1;WBS-1-6-1-1;1.6.1;4;ОВиК;ПНР;ПНР;ОВиК;Works;протокол испытаний;L5;false;Commissioning;
1.6.1.1.1;WBS-1-6-1-1-1;1.6.1.1;5;Пусконаладка;ПНР;ПНР;ОВиК;Works;протокол испытаний;L5;false;Commissioning;
1.6.1.1.1.1;WBS-1-6-1-1-1-1;1.6.1.1.1;6;Акт выполнения WP;ПНР;ПНР;ОВиК;Works;протокол испытаний;L5;true;Commissioning;
1.6.1.1.2;WBS-1-6-1-1-2;1.6.1.1;5;Протоколы испытаний;ПНР;ПНР;ОВиК;Works;протокол испытаний;L5;false;Commissioning;
1.6.1.1.2.1;WBS-1-6-1-1-2-1;1.6.1.1.2;6;Акт выполнения WP;ПНР;ПНР;ОВиК;Works;протокол испытаний;L5;true;Commissioning;
1.6.1.1.3;WBS-1-6-1-1-3;1.6.1.1;5;Комплексное опробование;ПНР;ПНР;ОВиК;Works;протокол испытаний;L5;false;Commissioning;
1.6.1.1.3.1;WBS-1-6-1-1-3-1;1.6.1.1.3;6;Акт выполнения WP;ПНР;ПНР;ОВиК;Works;протокол испытаний;L5;true;Commissioning;
1.6.1.2;WBS-1-6-1-2;1.6.1;4;ВК;ПНР;ПНР;ВК;Works;протокол испытаний;L5;false;Commissioning;
1.6.1.2.1;WBS-1-6-1-2-1;1.6.1.2;5;Пусконаладка;ПНР;ПНР;ВК;Works;протокол испытаний;L5;false;Commissioning;
1.6.1.2.1.1;WBS-1-6-1-2-1-1;1.6.1.2.1;6;Акт выполнения WP;ПНР;ПНР;ВК;Works;протокол испытаний;L5;true;Commissioning;
1.6.1.2.2;WBS-1-6-1-2-2;1.6.1.2;5;Протоколы испытаний;ПНР;ПНР;ВК;Works;протокол испытаний;L5;false;Commissioning;
1.6.1.2.2.1;WBS-1-6-1-2-2-1;1.6.1.2.2;6;Акт выполнения WP;ПНР;ПНР;ВК;Works;протокол испытаний;L5;true;Commissioning;
1.6.1.2.3;WBS-1-6-1-2-3;1.6.1.2;5;Комплексное опробование;ПНР;ПНР;ВК;Works;протокол испытаний;L5;false;Commissioning;
1.6.1.2.3.1;WBS-1-6-1-2-3-1;1.6.1.2.3;6;Акт выполнения WP;ПНР;ПНР;ВК;Works;протокол испытаний;L5;true;Commissioning;
1.6.1.3;WBS-1-6-1-3;1.6.1;4;ЭОМ;ПНР;ПНР;ЭОМ;Works;протокол испытаний;L5;false;Commissioning;
1.6.1.3.1;WBS-1-6-1-3-1;1.6.1.3;5;Пусконаладка;ПНР;ПНР;ЭОМ;Works;протокол испытаний;L5;false;Commissioning;
1.6.1.3.1.1;WBS-1-6-1-3-1-1;1.6.1.3.1;6;Акт выполнения WP;ПНР;ПНР;ЭОМ;Works;протокол испытаний;L5;true;Commissioning;
1.6.1.3.2;WBS-1-6-1-3-2;1.6.1.3;5;Протоколы испытаний;ПНР;ПНР;ЭОМ;Works;протокол испытаний;L5;false;Commissioning;
1.6.1.3.2.1;WBS-1-6-1-3-2-1;1.6.1.3.2;6;Акт выполнения WP;ПНР;ПНР;ЭОМ;Works;протокол испытаний;L5;true;Commissioning;
1.6.1.3.3;WBS-1-6-1-3-3;1.6.1.3;5;Комплексное опробование;ПНР;ПНР;ЭОМ;Works;протокол испытаний;L5;false;Commissioning;
1.6.1.3.3.1;WBS-1-6-1-3-3-1;1.6.1.3.3;6;Акт выполнения WP;ПНР;ПНР;ЭОМ;Works;протокол испытаний;L5;true;Commissioning;
1.6.1.4;WBS-1-6-1-4;1.6.1;4;СС;ПНР;ПНР;СС;Works;протокол испытаний;L5;false;Commissioning;
1.6.1.4.1;WBS-1-6-1-4-1;1.6.1.4;5;Пусконаладка;ПНР;ПНР;СС;Works;протокол испытаний;L5;false;Commissioning;
1.6.1.4.1.1;WBS-1-6-1-4-1-1;1.6.1.4.1;6;Акт выполнения WP;ПНР;ПНР;СС;Works;протокол испытаний;L5;true;Commissioning;
1.6.1.4.2;WBS-1-6-1-4-2;1.6.1.4;5;Протоколы испытаний;ПНР;ПНР;СС;Works;протокол испытаний;L5;false;Commissioning;
1.6.1.4.2.1;WBS-1-6-1-4-2-1;1.6.1.4.2;6;Акт выполнения WP;ПНР;ПНР;СС;Works;протокол испытаний;L5;true;Commissioning;
1.6.1.4.3;WBS-1-6-1-4-3;1.6.1.4;5;Комплексное опробование;ПНР;ПНР;СС;Works;протокол испытаний;L5;false;Commissioning;
1.6.1.4.3.1;WBS-1-6-1-4-3-1;1.6.1.4.3;6;Акт выполнения WP;ПНР;ПНР;СС;Works;протокол испытаний;L5;true;Commissioning;
1.6.1.5;WBS-1-6-1-5;1.6.1;4;АПС/СОУЭ;ПНР;ПНР;АПС/СОУЭ;Works;протокол испытаний;L5;false;Commissioning;
1.6.1.5.1;WBS-1-6-1-5-1;1.6.1.5;5;Пусконаладка;ПНР;ПНР;АПС/СОУЭ;Works;протокол испытаний;L5;false;Commissioning;
1.6.1.5.1.1;WBS-1-6-1-5-1-1;1.6.1.5.1;6;Акт выполнения WP;ПНР;ПНР;АПС/СОУЭ;Works;протокол испытаний;L5;true;Commissioning;
1.6.1.5.2;WBS-1-6-1-5-2;1.6.1.5;5;Протоколы испытаний;ПНР;ПНР;АПС/СОУЭ;Works;протокол испытаний;L5;false;Commissioning;
1.6.1.5.2.1;WBS-1-6-1-5-2-1;1.6.1.5.2;6;Акт выполнения WP;ПНР;ПНР;АПС/СОУЭ;Works;протокол испытаний;L5;true;Commissioning;
1.6.1.5.3;WBS-1-6-1-5-3;1.6.1.5;5;Комплексное опробование;ПНР;ПНР;АПС/СОУЭ;Works;протокол испытаний;L5;false;Commissioning;
1.6.1.5.3.1;WBS-1-6-1-5-3-1;1.6.1.5.3;6;Акт выполнения WP;ПНР;ПНР;АПС/СОУЭ;Works;протокол испытаний;L5;true;Commissioning;
1.7.1;WBS-1-7-1;1.7;3;Ввод;Ввод в эксплуатацию;Ввод;;Service;разрешение на ввод;L4;false;Commissioning;
1.7.1.1;WBS-1-7-1-1;1.7.1;4;Исполнительная документация;Ввод в эксплуатацию;Ввод;Комплект;Service;разрешение на ввод;L4;false;Commissioning;
1.7.1.1.1;WBS-1-7-1-1-1;1.7.1.1;5;Сопровождение этапа;Ввод в эксплуатацию;Ввод;Комплект;Service;разрешение на ввод;L5;false;Commissioning;
1.7.1.1.1.1;WBS-1-7-1-1-1-1;1.7.1.1.1;6;Закрытие этапа;Ввод в эксплуатацию;Ввод;Комплект;Service;разрешение на ввод;L5;true;Commissioning;
1.7.1.2;WBS-1-7-1-2;1.7.1;4;Подача на ввод;Ввод в эксплуатацию;Ввод;Комплект;Service;разрешение на ввод;L4;false;Commissioning;
1.7.1.2.1;WBS-1-7-1-2-1;1.7.1.2;5;Сопровождение этапа;Ввод в эксплуатацию;Ввод;Комплект;Service;разрешение на ввод;L5;false;Commissioning;
1.7.1.2.1.1;WBS-1-7-1-2-1-1;1.7.1.2.1;6;Закрытие этапа;Ввод в эксплуатацию;Ввод;Комплект;Service;разрешение на ввод;L5;true;Commissioning;
